微博id,微博正文,发布时间,点赞数,转发数,评论数
NpbrvDmc5,一加做配件一直可以的，这个颈枕自带被动降噪功能。再加上降噪耳机，双重降噪，世界清净  [组图共2张] 原图 ,2023-10-23 15:07,74,5,35
Npas0fBXw,这次去夏威夷选择从香港机场出发，蛇口坐船半小时就能到。直接在蛇口邮轮中心值机，值机效率一般，即便人少的时候也建议至少提前1小时到。同行的某人就很极限，三人行差点变双飞机票是全日空+夏威夷航空的联程票，香港→东京羽田→火奴鲁鲁（欧胡岛）→卡胡卢伊（茂宜岛），预计23号13点...全文 [组图共3张] 原图 ,2023-10-23 12:35,60,1,30
Np9sG9SgT,我收拾下准备去夏威夷开会小武比我早一小时出门去成都了接下来一周只能线上夫妻了  [组图共3张] 原图 ,2023-10-23 10:04,135,2,58
Np95P4Fj8,澎湃OS，小米14系列发布会定档 10月26日 19:00  原图 ,2023-10-23 09:08,220,2,35
NoUvlbbUT,三大央媒集体下场点赞中国四大硬核公司华为、比亚迪、宁德时代、小米，甚至给出了“科技和开放相结合的典范”这样的高评价。尤其值得一提的是小米，研发人数已经达到员工总数的近52％，23年全年总研发投入将超过200亿人民币，这可不是一个小的数字，也正得益于此，小米的智能制造体系已经开始向着整个...全文 [组图共9张] 原图 ,2023-10-21 20:00,597,8,131
NoSrw11ri,周末紧急加班拆机，争取去高通前肝完  原图 ,2023-10-21 14:45,532,31,111
NoR4TycUw,文班亚马这是火锅秀啊  [组图共2张] 原图 ,2023-10-21 11:16,59,0,9
NoIGHrMv1,#米家空调新风1.5匹#2023款来了，今天正式开售！2479的价格让人眼前一亮，相比前代产品功能有了一定提升，在同级别中可以说是非常能打了，尤其是能够配合米家App，更好实现全屋智能#米家空调暖冬季#有需求的小伙伴可以冲了  [组图共6张] 原图 ,2023-10-20 13:55,88,2,28
NoHwnbiWc,  原图 ,2023-10-20 10:56,151,6,41
NoAcyFptv,被夹了，大家移步B站【享拆】OPPO Find N3 拆解：新一线大折叠  原图 ,2023-10-19 16:18,12,3,6
NozSKBykR,刚发布的 OPPO Find N3，在整机设计、影像表现和 UI 交互上都有亮点，具体我们边拆边聊~#OPPO Find N3发布会# 楼斌Robin的微博视频  ,2023-10-19 15:30,104,20,27
NoqCjbCgG,#公路高铁理想MEGA# 拼色的效果确实更好，MEGA外观基本就这样了，和Cybertruck的锐利不同，这走的是圆滑路线。两者都属于异类，所以评价肯定是两极分化的。这么设计很大程度上就是为了降低风阻系数，估计在MPV领域会是一个很惊艳的数值。就外观而言辨识度必须是拉满的除此之外，作为L9车主我...全文 [组图共4张] 原图 ,2023-10-18 15:54,76,3,36
NoiPhzj9Y,线下店同一时间预定的华为 Mate X5 和 60 Pro+，X5 16GB 版本先到货，一起拆开看看，手持 X3 的朋友是否有升级的必要~ 楼斌Robin的微博视频  ,2023-10-17 20:04,433,130,66
NofCGtrYz,李想发了两张 MEGA 实拍图整体设计不能说好看，但确实很特别。灰色看起来一般，我觉得银色或者白色的版本会更科技感一些。大家觉得如何 #理想MEGA#  [组图共2张] 原图 ,2023-10-17 11:55,161,6,82
NofyEvmXi,#小米澎湃OS#历史性一刻来了，再见MIUI，你好HyperOS有点期待这次发布会的内容了~  原图 ,2023-10-17 11:45,467,3,96
NoapOqgGM,#极氪限时权益拉满最高8万# 还没到双11，极氪今天就官宣了全系车型的新权益，乍一看力度很大。但仔细看了下权益，其实车价和之前一样，但全系增加了增购和置换权益，两个权益加起来算，极氪001和极氪X是一万一，极氪009是一万六。极氪X的选装基金还比之前多了八千，现在是一万六，刚好可以免费选装无门...全文 [组图共6张] 原图 ,2023-10-16 22:40,47,1,10
No75ycv7O,#小米14# 雷总说这次很强大家希望哪方面更强？  原图 ,2023-10-16 14:11,394,2,161
No5rjx19v,11月1日，锁定『同心·同行 一 2023 vivo 开发者大会』意味着X100快来了，搞快点，我和小武都等着用  [组图共2张] 原图 ,2023-10-16 10:00,113,1,25
NnFtPiPSV,#每天都要擦一擦手机#这个话题@魏布斯 大喜，湿纸巾都不够伺候，必须是蔡司纸  ,2023-10-13 15:54,64,0,25
NnyoResT6,智己LS6价格出来了，21.49-27.69万，比我预测的还低一些[老师好][老师好]  [组图共6张] 原图 ,2023-10-12 21:53,90,0,27
Nnxo7Dsm3,智己LS6的发布现场居然是个剧院，还有Vip雅间，上流。按照最近的卷度，我预测一波价格:21.98-27.98万  [组图共3张] 原图 ,2023-10-12 19:18,59,1,13
Nnu8Qgqme,10月19日14:30，#OPPO Find N3# 来了～  原图 ,2023-10-12 11:02,133,0,27
NntJl0k1K,8月底的时候我做了一期关于智己LS6的静态体验视频，就在节前智己又邀请了动态试驾，所以今天这期视频，我们来看看LS6操控和智驾的表现。#智己LS6# #金晨代言智己LS6# 楼斌Robin的微博视频  ,2023-10-12 10:00,55,6,7
NnmffeC0L,#徕芬让数码圈半壁江山齐聚#节前去参加了新品牙刷的鉴赏会，总结就是不管设计还是功能，甚至是价格，都非常值得期待！具体细节我们回头拆解见  [组图共3张] 原图 ,2023-10-11 14:56,44,0,18
NnaXGkP8D,#库克回应每年iPhone几乎没太大升级#就手机而言，对苹果早就没什么期待了，不如期待接下来的几款国产但从生态来说，接下来的Vision Pro所带来的交互体验，还是比较期待的  ,2023-10-10 10:13,242,3,73
Nn3pC4uRO,『小米全屋路由图赏 』高通IPQ5018处理器，满血Wi-Fi 6+3000Mbps，子母路由类型，最多支持9台子设备，适合大户型。那就抽送给拥有大户型的你吧转发本条微博即可~  抽奖详情  [组图共6张] 原图 ,2023-10-09 15:00,436,1116,419
Nn2m7EDuG,节前收到了铝厂的新键盘，SUPER系列全金属量产客制化键盘 ZONEX 75，这才是铝厂的本质嘛沉金主板是亮点，自研璞玉轴，自带导光柱，手感软弹，适合办公或者游戏起售价1699，四色可选，偏爱铝坨坨的可以去看看~  [组图共9张] 原图 ,2023-10-09 12:18,86,11,24
Nn27UcyZj,米家新风空调2023款迭代了，之前尊享版才有的柔风现在下放了，价格也更便宜了。有安装条件的可以去看看~  [组图共2张] 原图 ,2023-10-09 11:43,57,2,17
NmLN2tHH9,雷鸟新品AR眼镜要来了  原图 ,2023-10-07 18:08,118,5,30
NmLke2KoD,#男朋友说闻到我要来大姨妈了#太麻烦了，我都不用贴贴抱抱闻闻，只要略微感受一下小武的气场，基本就知道了[老师好]  ,2023-10-07 16:57,1027,11,112
NmKgYjXKO,#问界新M7#25天大定5万台，确实猛啊[老师好][老师好]车好不好回头搞一辆体验下再说，但可以确定的是，问界这波又进一步普及了「智驾」  原图 ,2023-10-07 14:16,126,5,60
NmIzGD8H4,我在门口收拾一大堆过节礼品，突然一小伙伴背着一袋蜜柚进来，还学我染了个头发，我站原地至少愣了5秒  原图 ,2023-10-07 09:57,285,0,57
NmatwoIpT,我和小武在吃重庆火锅我问小武：你的童年都哪些明星火啊？小武：周杰伦，JJ，王力宏，SHE这些咯我：阿杜你知道么？小武正吃着锅里捞出来的茼蒿回答道：这个不认识，但那个许hao（许嵩）我知道我：……  ,2023-10-03 19:08,259,2,106
Nm7nQ6Hpr,还车，返深搬砖  [组图共2张] 原图 ,2023-10-03 11:16,226,0,35
Nm2TsjD5F,有些老话你不得不信，就比如：『媳妇儿拍的永远在焦外』  原图 ,2023-10-02 23:50,514,8,121
Nm2Iq2C0Y,黄金局太欢乐了  原图 ,2023-10-02 23:23,156,0,36
NlPsrmAQk,特斯拉这是重新定义「进化」么本来就属于毛坯类型，现在加了个灯带，换了个轮毂，加速快了1秒就叫进化了？  [组图共3张] 原图 ,2023-10-01 13:38,205,3,66
NlOxcbaqP,我去，就在刚刚，我和小武愉快的行驶在G92上。突然最右侧车道一大货车追尾，前面5辆小车直接打横。好在是匝道排队车道，大货车速度不快，没有人员伤亡。假期路上大家一定注意安全！  原图 ,2023-10-01 11:17,180,1,27
NlGK6xiDj,抵达杭州，借了辆零跑C01增程版，这几天感受下  原图 ,2023-09-30 15:27,89,0,20
NlyT1B4Ib,今天的超级月亮很可以大家中秋快乐！  原图 ,2023-09-29 19:27,166,0,47
Nlptfzse9,仔细看了下极氪 OS5.0的更新内容，我自己比较关注的有四点。B柱交互模块新增人脸识别解锁，终于可以和B柱有比较密切高频的交互了冰箱可以延迟最高24小时断电，可以手机APP远程控制，小武可以安心的放冰棍了杜绝扯皮的哨兵模式也来了，不知道实际是否能解决开门杀问题APA自动泊车和ALC拨杆变道...全文 [组图共6张] 原图 ,2023-09-28 19:28,42,1,4
NlnPgoMW0,北京的交通感受下……从大兴打车到望京，特意绕了相对通畅的六环，已经2小时过去了还没到  原图 ,2023-09-28 15:17,124,1,65
Nll5h61rf,好家伙，10点25的飞机，想着8点多到机场办托运。结果人9点才上班……整个出发大厅的安检就一小哥，还挺能唠  原图 ,2023-09-28 08:18,115,0,28
NlffT3TVF,不冻河、乌苏浪子湖、天池、驼峰岭景色感受下用A7R5+70-200 G2拍摄  [组图共9张] 原图 ,2023-09-27 17:28,148,6,34
Nl5XHCuxy,这个季节如果来国家森林公园，我觉得去天池和驼峰岭就够了。不要怕爬山，因为当你看到下山路上的景色，一切都非常值得 楼斌Robin的微博视频  ,2023-09-26 17:48,129,50,23
Nl3Ax4n6o,拆了这么多年手机，第一次拆有 IP68 的中端机，光这个点确实前无古人了。加上外观上的蜕变，所以1小时就卖 41 万其实也在情理之中！  原图 ,2023-09-26 11:46,370,4,74
NkX8CmbYm,发布会结束就让小伙伴帮我去线下店预订骚红色，结果排大长队……并且只能订到黑色了回头看看黄牛价吧  原图 ,2023-09-25 19:21,249,5,81
NkWPoBMIP,这两天用GL8在阿尔山周边开了200多公里后只有一个感受，真的太想念我的理想了#理想#  ,2023-09-25 18:33,55,0,18
NkW4BwHhw,天池下去的这条路，层次感太棒了看小武这姿势，新时代的老法师[老师好][老师好]  [组图共3张] 原图 ,2023-09-25 16:38,137,0,26
NkVLVvNYQ,靠，天天爬山今天998阶 兴安·阿尔山国家森林公园  显示地图 [组图共2张] 原图 ,2023-09-25 15:52,103,1,22
NkV61yW3v,#华为秋季全场景新品发布会#我司小伙伴前线来报晚上回去再回顾下  原图 ,2023-09-25 14:09,70,0,15
NkV4VxOJz,乌苏浪子湖感受下iPhone 15 Pro Max 2倍和5倍拍摄（live photo改长曝光） 兴安·阿尔山国家森林公园  显示地图 [组图共2张] 原图 ,2023-09-25 14:06,105,0,24
NkTVimvEB,『Redmi Note 13 Pro+ & Redmi Buds 5 Aape潮流限定版』从包装到手机耳机到配件到再到UI设计，深度定制联名。喜欢Aape的朋友应该会把持不住  [组图共9张] 原图 ,2023-09-25 11:09,91,3,20
NkP6DwVVm,这景色，大家不来逛一逛 兴安·奥伦布坎风景区  显示地图 [组图共12张] 原图 ,2023-09-24 22:54,297,5,45
NkMcX1lNj,掏出70200来个3km徒步上山  [组图共2张] 原图 ,2023-09-24 15:31,150,0,29
NkLaQBSx6,会当凌绝顶，白狼峰顶大家感受下 楼斌Robin的微博视频  ,2023-09-24 12:53,95,39,25
NkKaffe3f,租了个GL8，今天带她们去大兴安岭奥伦布坎，感受下通古斯失落文明的记忆  原图 ,2023-09-24 10:19,133,2,47
NkFK1C8Ea,要拆机，更要带家人出去High 阿尔山  显示地图 [组图共3张] 原图 ,2023-09-23 23:03,264,0,67
NkDKK14RD,这个月不光是手机，各种新车也是争相发布。但比较吸引我的是宝骏和大疆的合作，他俩搞了一个灵犀智驾 2.0 出来。在算力仅为 32TOPS 的车型上，实现了一些智驾功能，一起来看看实际表现吧~#宝骏云朵大疆高阶智驾# 楼斌Robin的微博视频  ,2023-09-23 18:00,101,22,13
NkDgcctLH,#微信占用了我100多G的内存#不一直这样么，别说热搜了，你整个横幅挂门口去都没用（是闪存或者存储空间，不叫内存）  ,2023-09-23 16:44,251,10,67
NkwaovTT1,一年一度的通宵制作，奉上 iPhone 15 Pro 系列拆解！ 楼斌Robin的微博视频  ,2023-09-22 22:41,1958,505,323
NkugQerOA,想要辨识度，还得是原色  原图 ,2023-09-22 17:51,337,7,148
Nksux8074,iPhone 15 Pro系列结构壁纸先来一发，前三张是Max，后三张是Pro，整了三个风格，大家自行挑选~还是出了点意外，有些零部件拆起来确实麻烦了点，本来9点要去机场的，被迫改签到晚上飞了。刚抽出最后一丝力气，录完了A roll，估摸着得六七点的样子上线  [组图共6张] 原图 ,2023-09-22 13:19,910,209,203
NkmvC7VT5,好了，iPhone 15 Pro系列已到手，可以预告了今晚通宵开拆，不出意外，明天中午见  ,2023-09-21 22:06,531,10,161
Nkm4NC67l,Redmi 又把千元机卷出了新高度，刚发布的 Note 13 系列，在外观和体验上继续加料，属于小金刚的又一次蜕变了。具体的我们边拆边聊~#Note13系列评测# 楼斌Robin的微博视频  抽奖详情  ,2023-09-21 21:00,548,818,275
NklWy7p0g,去年小武做了一期 Redmi 投影仪的体验视频，顺便给我挖了个横评的坑，让我验证下这个市场是否还存在亮度虚标的情况。这不，时隔一年，填坑来了~#Redmi投影仪2# 楼斌Robin的微博视频  抽奖详情  ,2023-09-21 20:39,2203,3630,945
NklGrD6q2,『米家冰箱 三门303L 制冰版图赏 』米家首款带有自动制冰的小占地大容量冰箱，也是今年6月小米大家电与松下官宣战略合作以来，推出的首款冰箱。并且把价格干下来了，目前众筹价2399 ，指导价2999。冰羽白外观设计非常简约清爽，三门大空间（冷藏室容积：147L、变温室容积：64L、冷冻室容积：92L）...全文 [组图共9张] 原图 ,2023-09-21 20:00,63,4,18
Nkl8dvhHK,Redmi Note 13系列邀请函是一块Aape滑板，挺好看，问题是轮子上哪整去今晚拆解准时上线~  [组图共9张] 原图 ,2023-09-21 18:35,86,4,33
NkkCnjje9,前两天右眼疼，今儿抽时间来医院一看，是鼻炎引起的结膜炎，血管有异常，差一点就破了医生告诉我要注意休息，尽量别熬夜。然后我说今晚不行，得通宵拆iPhone……  [组图共2张] 原图 ,2023-09-21 17:17,378,8,131
Nkjew3bQE,NIO Phone这外观还不赖，核心三大件也基本跟上主流，回头搞一台体验下#蔚来手机上市#  原图 ,2023-09-21 13:45,115,1,58
Nkc3jyWIR,#零跑c01增程版#价格出来了  原图 ,2023-09-20 19:28,71,1,31
Nk9X8EGxY,待会和@林丹 切磋几把相信OPPO Watch 4 Pro可以完美的记录好我失败的数据，方便我后续复盘  [组图共2张] 原图 ,2023-09-20 14:08,325,1,110
Nk5QXyePv,这个点回家挺爽不过Mate X5玩了一晚上还是劝退了……手感质感流畅度各方面都没问题，但是侧边指纹确实有些不习惯，非结构光的人脸识别关灯躺床上就用不了了……发热也相对更严重。关键是连我的理想L9有BUG，只要一熄屏蓝牙就断，一顿操作后还是照旧，头疼明天还是换回Mate...全文 原图 ,2023-09-20 03:41,268,6,85
Nk3dPpZak,#2024款小鹏G9上市#26.39万起，这价格有点凶啊  [组图共2张] 原图 ,2023-09-19 21:00,74,1,19
Nk1E6l263,#iPhone用户羡慕的安卓功能#NFC门禁，微信双开，通话录音都可以开放下，不过相比这些功能，我更在意信号问题  ,2023-09-19 16:59,236,4,109
Nk1vbi2q5,深圳线下店订的两台华为Mate X5到货了，让同志们去拿了，不知道有没有提货仪式  ,2023-09-19 16:37,183,1,49
Nk1ruryYF,理想 V4.6.0 OTA 更新内容#理想L9# 除了一些细节优化外，我觉得相对比较实用的有两个手机端的任务大师，再也不用待车里研究了支持最多三个手机或手表的蓝牙连接，这个更新很关键，不用非得退出一个了至于多方言语音交互，敢不敢来个诸暨话或者浦江话  原图 ,2023-09-19 16:28,228,24,82
NjBojofOK,大湾区太热情了，@老胡的车生活 消化中  [组图共2张] 原图 ,2023-09-16 22:08,247,6,65
NjAJR1Oej,银河L6价格来了，11.58-14.98万，9月30号前下定还能再便宜3000元，带NOA的亚运幻影版18.57万。全系8155+银河 N OS，大杯超大杯还有带警戒音提示的哨兵模式。没想到现在A级车市场都开始卷智能化了，这对消费者来说是好事。尾数是6的可以拿亚运会门票，我是5  [组图共9张] 原图 ,2023-09-16 20:29,72,1,22
NjAhiEDZU,果然是穿高跟鞋的人，做个椅子都必须上三个坐垫 @詹志斌同学  原图 ,2023-09-16 19:18,363,6,77
NjzW7fiMS,好家伙，参加吉利银河L6发布会还有机会中亚运会门票  [组图共2张] 原图 ,2023-09-16 18:26,78,0,11
Njxwl7mWa,突然惊醒，立马起床快速洗漱完打算去公司结果小武叫住我，问我干嘛去我说上班啊，今天周五你不知道么？她被我说懵了，拿起手机再次确认了下然后……一个大比兜就过来了  ,2023-09-16 12:17,356,1,62
NjsgF2C2M,自从阿维塔11更新ADS1.0后，两个能力有明显提升。一个是城区NCA，另外一个就是对新手司机比较友好的自动泊车功能。前几天我们特意找了几个相对高难度的停车场景，来看看目前天花板级别的自动泊车，能力边界在什么地方~ 楼斌Robin的微博视频  ,2023-09-15 22:55,108,38,26
NjrawgSSh,#iPhone15系列手机今晚8点预售#大家抢到了吗？我司小伙伴全部倒下，抢到的选了什么型号？  ,2023-09-15 20:07,129,0,134
NjpWDsrrj,换了圆美道德LIVEAIR3 SMART，稳定性依旧不如铁头一代，基本四五米开外就开始有卡顿了，所谓的卡顿就是不够流畅，无法和手柄同步。我看宣传的是100米，怎么敢标的呀……之前的铁头二代据说是固件问题，后续解决了再看看吧  [组图共2张] 原图 ,2023-09-15 17:00,37,0,10
NjoBPkegk,#旧款iPhone电池维修价格全系上调#又输麻了……你可长点心吧  ,2023-09-15 13:36,144,1,68
NjfO36e35,小金刚来了  原图 ,2023-09-14 15:11,220,2,62
Nj8gTh8ID,前几天入手了铁头原力N2无线跟焦器，之前的一代用挺久了，问题一大堆，信号、马达扭矩、传输延迟都不太给力，接口又乱七八糟的（马达2.5转DC 的供电和micro usb信号传输）。本想着二代可以有质的提升，结果用了一天发现，无线连接的稳定性居然还不如一代。这可是最基础的体验啊，稳定性不行，其它功...全文 [组图共3张] 原图 ,2023-09-13 20:01,83,2,8
Nj5NkroiA,手机界春晚不再那么科技，还是来聊下车吧。今年的国产新势力太卷了，车企之间的针锋相对没少见。但昨天下午我看到了岚图给问界M7上市的微博点了赞，这波操作就很有格局，属于一股清流了。非常赞同这种良性且积极向上的竞争心态，中国汽车市场当下缺少的也是这种心态。不过，能够心平气和的对待友商，...全文 原图 ,2023-09-13 13:42,58,0,29
Nj1KOxJTv,#iPhone15全系采用华为口#赢麻了  ,2023-09-13 03:25,682,4,146
NiZSgbM0p,上一次做苹果发布会直播还是5年前，5年后大湾区组局，首先欢迎@UX_有思 加入大湾区家庭今晚23：30分，点我微博头像进直播间，我和十年果吹@UX_有思 以及装修天才@李杰灵 ，一起陪大家看科技春晚。#苹果新品发布会#  楼斌Robin的微博直播 带你看2023苹果秋季发布会  ,2023-09-12 22:38,1024,25,1847
NiWo3fg8q,上一次做苹果发布会直播还是5年前，5年后大湾区组局，首先欢迎@UX_有思 加入大湾区家庭今晚23：30分，点我微博头像进直播间，我和十年果吹@UX_有思 以及装修天才@李杰灵 ，一起陪大家看科技春晚。你最期待#iPhone15# 哪些升级呢？  抽奖详情  原图 ,2023-09-12 13:45,230,467,194
NiNvMygwz,即便华为刚发布了 Mate X5，但荣耀 Magic V2 依旧是目前最轻薄的大折叠。看来赵总说的『半年之内无挑战者』确实是有几分底气的。不过我也看到了不少『阉割』的质疑声，这期视频我们就来一拆究竟，看看这内部到底是猫腻还是黑科技！另外，#轻薄是折叠屏第一科技力#，大家怎么看？ 楼斌Robin的微博视频  ,2023-09-11 15:10,560,1074,301
NiLgrxUyK,昨晚手贱拿了瓶乌龙茶喝了几口好家伙，比咖啡还猛，一夜无眠  原图 ,2023-09-11 09:26,248,3,104
NiF60bLJS,#眼睛好看的人真的很加分#小武这眼睛就很美  原图 ,2023-09-10 17:44,545,9,71
NiEJQ40Wx,这俩睡的挺香  原图 ,2023-09-10 16:49,174,2,38
NinBW9VI3,领克08，价格19.98-27.90万（限时下定减9000元后的价格），比预售价便宜了不少。整体性价比挺高～  [组图共4张] 原图 ,2023-09-08 21:13,86,1,25
NinoZdgcr,领克前一秒恭喜完Mate60系列的成功，后一秒就拉友商出来对比，口号还是:比遥遥领先还要提前实现  [组图共2张] 原图 ,2023-09-08 20:41,860,13,125
Nin3BpdOM,有了OPPO Watch 4 Pro，换手机再也不用折腾理想的车钥匙了这几天体验下来很稳 #理想L9# #OPPO Watch 4 Pro#  原图 ,2023-09-08 19:49,95,1,35
NikzG8fez,各定了两台回头看了下队伍，好家伙，太热情了，大雨天的都排到店外面了目前确认的SoC都是同款，X5比X3重5g，具体等拆解吧～  [组图共3张] 原图 ,2023-09-08 13:29,413,8,125
NijZvbbCE,#OPPO#别忘了，今天是OPPO Find N3 Flip开售的日子 @武莹Yoki 都用上了  原图 ,2023-09-08 12:00,469,6,72
NijXp3Bth,零跑C01超级增程，9月20号发布一台插混车型，纯电续航316公里，有家充的基本等于纯电车型的体验了  [组图共4张] 原图 ,2023-09-08 11:55,40,0,16
NijSIzf4l,万象天地线下店有不少排队的，目前店里Mate 60 Pro+和X5都可预订，预付定金1000，但到货时间都不确定。各定了两台，等吧  [组图共3张] 原图 ,2023-09-08 11:44,177,6,47
NijlsrB82,华为新上架Mate 60 Pro+和Mate X5，商城基本秒没现在去线下店看看…… #华为Mate60Pro+开售#  [组图共2张] 原图 ,2023-09-08 10:22,106,1,67
NieqwrexK,#库迪 五常大米#敢不敢加老干妈  ,2023-09-07 21:50,65,1,18
Ni9SDzDwo,#iPhone信号太差或将解决#尽管iPhone软件生态好，系统稳定。但要做到易用，要解决的远不止信号问题。上次和朋友聊天，发现很多人甚至不知道安卓机可以双开微信这事儿  ,2023-09-07 10:16,420,2,160
Ni3Sr8ISm,华为Mate 60 Pro的软膜做出来了，下午特意上门给@科技小辛 贴了一张，主打的就是顺滑无感，不仔细看基本看不出贴了膜，最关键的是前摄位置没有挖空这下遥遥领先的更纯粹了已经上架了，想要的去评论区提链接  [组图共3张] 原图 ,2023-09-06 18:59,224,83,71
Ni3j7iui5,我现在这么弱了么……骑上坡路为什么这么累  原图 ,2023-09-06 17:32,256,1,105
Ni1FwD8xc,没收到113版本更新，这不像深圳速度啊  原图 ,2023-09-06 13:22,106,1,30
NhSYtxCkK,大家觉得阿维塔12这外观和配置如何？  原图 ,2023-09-05 15:14,138,4,88
NhSWlFKDT,#阿维塔12# 不管是配置还是外观设计，都是拉满的状态。加上鸿蒙 4 和 ADAS2.0，看上去好像没什么短板，现在就只蹲一个价格~ 楼斌Robin的微博视频  ,2023-09-05 15:08,136,21,57
NhK0uhr8H,到了个新玩具，忙完手头这几个项目，拆一波学习一下有没有靠谱的街机包下载渠道，找半天都是广告……我就想重温下97和三国战纪  原图 ,2023-09-04 16:24,144,5,59
NhD6FrPPY,终于落地深圳了，打到一辆岚图梦想家，内饰空间和氛围不错，就是椅子偏硬了点  原图 ,2023-09-03 22:50,112,2,22
NhAjJ1gwS,#阿维塔12全球首发#阿维塔12实车我看了，还是有11的设计语言的，但这套设计放在12上确实更合适。就是定位拔的有点高，希望标准版能来个掀桌子的价格  [组图共3张] 原图 ,2023-09-03 15:44,83,0,17
Nhzahv3ZM,#洗完澡后不要马上穿内裤#所以我一般都会直接吹干  ,2023-09-03 12:48,748,13,159
NhtGI2HPW,@奥拉猪汪 眼熟么？  [组图共2张] 原图 ,2023-09-02 22:51,111,6,20
NhkRcwxzB,#极氪进化日# 来宁波实际体验了下ZEEKR OS 5.0，在设计、交互和语音上都有升级，整体操作的便利性相当不错，反正比我现在极氪X上那一套好用多了，简单拍了个视频给大家展示下。 楼斌Robin的微博视频  ,2023-09-02 00:22,107,9,24
Nhjmxz97W,#极氪进化日# 极氪001FR 今晚开启预订，预计10月下旬开启交付。每月限量交付99台（我们不玩期货）我知道@flypig 老师心动了，APP下好了吗？  [组图共2张] 原图 ,2023-09-01 20:34,63,1,11
NhjfNt1OW,#极氪进化日# 极氪001FR 最大1265马力，百公里2.36秒，最高车速280km/h。特斯拉Model S Plaid 百公里目前实测最快2.52秒。  [组图共2张] 原图 ,2023-09-01 20:17,66,1,24
NhjdnwmBc,#极氪进化日#极氪001FR具备坦克掉头能力，好家伙，猎装车都开始玩原地掉头了  原图 ,2023-09-01 20:12,45,0,10
NhjbnaCPj,#极氪进化日#五大核心科技：加速最快的量产纯电四电机分布式电驱四轮扭矩矢量控制卫星通讯技术单枪输出功率最高的充电桩  原图 ,2023-09-01 20:07,56,3,18
Nhj7vy0mC,#极氪进化日#据说今天很有料  原图 ,2023-09-01 19:57,34,0,9
NhhwRFAfo,上周去参加了懂车帝的「这能说吗」 节目，认识了几个新朋友，一起讨论了关于新势力OTA的话题，有兴趣的可以去懂车帝看看#车圈首个金扫帚无用奖出炉##懂车帝O斯卡颁奖礼#  [组图共4张] 原图 ,2023-09-01 15:54,31,0,13
NhfZGx6Da,『一加 Ace 2 Pro 原神派蒙主题礼盒』图赏附件的定制很细节，喜欢原神的冲了么？  [组图共9张] 原图 ,2023-09-01 12:00,64,1,6
NhfcYvQmJ,最近给我司后期们换了新的监听耳机，NFAUDIO宁梵声学的NM2+。佩戴舒适度，还原度，乐器分离都很到位，后期们很开心@贱兮兮的老羊  [组图共9张] 原图 ,2023-09-01 10:00,67,6,19
NhapExhdg,『iQOO Z8 图赏』6.64 英寸 2388*1080 LCD 直屏，120Hz 刷新率。搭载天玑 8200 处理器，内置 5000mAh 电池，支持 120W 快充。8GB+256GB   1699 元（首发1599元）12GB+256GB  1799 元12GB+512GB   1999 元#新机来了#  [组图共9张] 原图 ,2023-08-31 21:47,50,1,36
Nh8Vk1F6v,前头一加和红米正打的火热，真我紧跟其后，前几天发布了 GT5。纸面参数大家应该都知道了，这期视频来看看内部结构的差异。 楼斌Robin的微博视频  ,2023-08-31 18:00,179,19,21
Nh8CXuHmI,我去，刚收到通知，明天深圳机场因为台风关闭，航班直接取消了看来要在宁波待几天了，有啥好吃的推荐么？ 宁波·宁波市东钱湖旅游度假区  显示地图 ,2023-08-31 17:14,198,0,107
Nh2JBFWBa,醒来一看居然推送了更新～  原图 ,2023-08-31 02:14,385,3,96
NgUbidGVa,还熬着的朋友们辛苦了，总算是赶在天亮前上线了华为Mate 60 Pro的视频，应该是全网最详细的拆解视频了！#华为mate60#  楼斌Robin的微博视频  ,2023-08-30 04:28,23287,3048,2466
NgSFZmKZa,已经在后期剪辑中了～先来张华为Mate 60 Pro的结构壁纸，不谢#华为mate60#  原图 ,2023-08-30 00:38,1997,104,638
NgRhnsxhU,看到很多催视频的，哪有那么快啊先上一个SoC图吧，从丝印看确认麒麟无疑，至于具体工艺制程，回头拿去磨了再做验证。加上今天大家看到的速度图，5G基带也没跑了。关键信息其实已经有了关于Mate 60 Pro的视频，我们还是想尽可能的细致的展现内部结构信息，非...全文 原图 ,2023-08-29 21:04,5948,353,1080
NgQcEwWIf,已经开拆，今晚上片～在店里买机子的时候，销售问我你不需要什么增值服务么？我心想，我要那玩意儿干嘛#华为mate60#  原图 ,2023-08-29 18:20,4852,255,747
NgPtyhuET,直接去万象天地直营店拿了两台华为Mate 60 Pro，现场排队的人挺多……每人凭身份证限购一台，12+512 6999元，现场激活，目前没有紫色现货。我买了青色和白色，多看几眼，还得是白色好看。后盖是拼色设计，金属拼锦纤。屏幕微曲设计，磨砂金属中框，握持手感不错。具体的等我拆吧，华为这波太突然了...全文 [组图共6张] 原图 ,2023-08-29 16:29,968,96,238
NgP7tziHX,看看隔壁的大折叠最近都卷成什么样子了，也该轮到女生最爱的竖折机了。OPPO刚发布了新一代的竖折 Find N3 Flip，上代竖折的销量就很不错，这期就让@武莹Yoki 和大家分享，作为日常穿搭的一份子，这台 Find N3 Flip 到底好不好用，够不够时尚！ #OPPO首发三摄小折叠#、#新一代OPPO小折叠发布#...全文 ,2023-08-29 15:35,377,270,125
NgOsp2wCs,华为的Mate 60 Pro突然就上架开卖了后背还是圆环设计，正面是三个挖孔，先抢一台再说  [组图共6张] 原图 ,2023-08-29 13:53,302,7,63
NgGfsAjL4,今日福利第三弹，『明基 LaptopBar 笔记本随行灯』，还是评论+关注，一周后开奖！显示器的挂灯我在家天天用，确实舒服。但这套给出差人士准备的笔记本挂灯，大家会有这个需求么？女生出差带卷发棒、吹风机都还能理解，带个屏幕挂灯未免有些过于精致  抽奖详情  [组图共9张] 原图 ,2023-08-28 17:00,374,209,756
NgF67DGUZ,今日福利第二弹（待会还有）评论+关注，一周后抽一位送一台『小米路由器 AX3000T』支持满血160MHz的Wi-Fi 6，无线速率3000兆级，5G频段为2402Mbps，家用足够。并且支持Mesh组合，最多可以扩展10台。目前还在预售阶段，首发价189元，还在用Wi-Fi 5的朋友们可以考虑下，这性价比相当...全文 [组图共6张] 原图 ,2023-08-28 14:04,703,574,1609
NgDqOwntC,前段时间爱范儿寄来一套『硬糖小电拼』非常有意思的充电设备，两大功能上的核心卖点，一是可以一拖七，正面4口+侧面1口+背后2口，排插充电器二合一；二是它可以一分为二，前面的充电器最高支持120W，后面的五孔插座最高2500W，不管是自己的桌面还是出差，都能有不错的兼顾。外观挺简约，黑白两色，...全文 [组图共6张] 原图 ,2023-08-28 09:49,244,117,914
Ngc0AdFsS,分别是vivo X90 Pro+的鲜明、质感、蔡司自然色彩大家更喜欢哪个风格～  [组图共3张] 原图 ,2023-08-25 12:00,98,0,62
NgbMs2naj,每次在宝安机场登机前都会来嗦一碗潮汕粿条，牛腩+两个牛筋丸就在过安检右手边 深圳·深圳宝安国际机场T3航站楼  显示地图 原图 ,2023-08-25 11:26,107,1,40
Ng5X3wjSI,终于等到阿维塔上鸿蒙了，这就对了#阿维塔11鸿蒙版#  [组图共4张] 原图 ,2023-08-24 20:35,63,1,13
Ng4ZUoxZ8,#FlymeAuto# 这套智能座舱操作系统做的确实可以，先来一发福利，转发本条视频，抽一位送一台『魅族20』。体验完#领克08 #，说三个印象最深刻的方面，首先是内饰设计豪华的不像20多万的车子；其次有了Flyme Auto的加持补足之前最大的短板；最后就是三电机系统带来的非常线性平稳的驾驶体验。感觉这车...全文 ,2023-08-24 18:10,1245,3647,1273
Ng10ioUsI,上周和@武莹Yoki 去上海静态体验了智己 LS6，这绝对是实车比官图好看系列，外观总结就是一『金刚芭比』 评论区说说你对智己LS6的第一印象，抽3位每人100配置上不管是座舱还是三电都非常到位，交互体验上相比LS7有改进，三屏设计也玩出了一些实用的功能，完整的智驾方案也...全文 ,2023-08-24 08:00,167,55,145
NfNcp47Vu,今天七夕大家都干啥了？评论区抽5位送看电影必备的爆米花，一小时后开奖  抽奖详情  ,2023-08-22 20:51,163,11,275
NfLQE8LSC,vivo邀请粉丝在“家”（vivo总部）举办了一场线下见面沟通活动，这种开放的态度挺好，除了能了解倾听用户需求外，还能让用户近距离感受vivo的企业文化和科技实力。前段时间我看不少朋友带着孩子也去了vivo总部，参观了品牌展厅、品质实验室和手机装配车间，还有专门的讲解员耐心的给孩子们讲解。甭管听...全文 ,2023-08-22 17:25,1638,101,21
NfLjm84ok,炎炎夏日，荒郊野岭，车里没个冰箱确实差点意思#理想L9# 楼斌Robin的微博视频  ,2023-08-22 16:03,96,33,38
NfK0LhkL5,好家伙，以前黑发就没发型设计师找过，漂完头发就来了  原图 ,2023-08-22 12:44,94,1,32
NfI775g87,早啊，出门搬砖～  原图 ,2023-08-22 07:54,69,0,18
NfsC7xLYl,趁出差空隙，特意回沈阳给岳父岳母提了辆理想 L7 Pro◆为什么最终选择了理想 L7 Pro？（纯自掏腰包）首先肯定是我说服岳父一定要感受下新势力的驾驶体验；其次结合东北的气候环境以及使用场景，现阶段你会发现增程车是最优解，既能享受纯电车型的驾驶感受，又不用担心大冬天续航...全文 [组图共9张] 原图 ,2023-08-20 16:27,453,73,127
Nfkgjx8Ns,沈阳绝对是一个享受生活的城市从美食到购物到搓澡，都是顶级体验，并且服务水准比海底捞还海底捞。什么淄博烧烤在沈阳面前都是弟弟。  [组图共4张] 原图 ,2023-08-19 19:11,234,7,65
Nfkd3p5i3,米家这鱼缸被我老丈人整明白了 楼斌Robin的微博视频  ,2023-08-19 19:03,177,17,23
Nf5NrxJkT,早啊，又是赶早班机的一天  原图 ,2023-08-18 06:21,272,1,60
NeXktozRO,好好的一副耳机，又毁在这沙雕的光面设计不管是从耳机盒取出，还是戴耳朵上调整取下，都得用非常刻意的方式  原图 ,2023-08-17 08:48,125,5,65
NeW5stPNF,早啊在空中的一周～  原图 ,2023-08-17 05:38,96,0,26
NeRSvc6uj,小武不在，偷开几天极氪X从大车切换过来这操控感是真爽啊，嗖嗖的昨晚连夜改了发色，其实昨天白天只是漂了而已，晚上去上了个色，上色的时候头皮是真疼啊，就跟把重庆火锅汤底倒在伤口上的感觉差不多  [组图共2张] 原图 ,2023-08-16 18:55,232,1,75
NeQKQgfrf,一加 Ace 2 Pro售价12+256GB    2999元（和我想的一样）16+512GB    3399元（最佳选择版本）24+1TB        3999元这不比一些旗舰机的标准版香多了  原图 ,2023-08-16 16:04,651,8,104
NeQJb9ODc,转发并关注，抽一位送一副【一加 Buds Pro 2】蓝牙耳机一加Ace系列再添一员，刚刚发布了Ace 2 Pro。这回用火药味十足的邀请函和宣发高调登场，那我们就来好好的拆一拆，看看它到底有没有高调的资本。 楼斌Robin的微博视频  ,2023-08-16 16:00,739,1239,420
NeOTjxCed,大战一触即发，大家先来猜一波价格  原图 ,2023-08-16 11:19,503,1,181
NeOsfnhGH,三防手机做折叠，真·板砖  原图 ,2023-08-16 10:12,232,6,40
NeJkfiymm,vivo S17 系列来了个新配色「相遇紫」粒子水墨工艺搭配紫色的渐变色，主打一个浪漫。过几天就七夕了，你懂的  [组图共6张] 原图 ,2023-08-15 21:09,46,2,17
NeIp9yiB5,偷得半日闲，去tony那激进了一把但@武莹Yoki 说让我别回家了，大家评评理  [组图共3张] 原图 ,2023-08-15 18:48,655,10,286
NeGvX9XMv,上一期我们聊了 Redmi K60 至尊版的性能表现，那今天我们继续来看看它整机的用料到底如何。#K60至尊版首发评测# 楼斌Robin的微博视频  ,2023-08-15 14:00,354,79,60
NeFkTixue,拆完折叠机我们继续拆这回新出的大大大平板，小米 Pad 6 Max，这可是 14 寸的平板啊。#小米平板6Max14# 楼斌Robin的微博视频  ,2023-08-15 11:00,225,89,63
NeE9PEhYq,去年小米用厚度仅为 11.2mm 的 MIX Fold 2 证明了，折叠机也能做到接近直板机的手感。那今年，小米针对折叠机又会是怎样的产品思路呢？准时放送的小米 MIX Fold 3 拆解告诉你答案。#小米MIXFold3首发评测# 楼斌Robin的微博视频  ,2023-08-15 08:00,472,162,110
NeAcL8wWG,Redmi K60 至尊版售价12+256GB   2599元16+256GB   2799元16+512GB    2999元16+1TB         3299元24GB+1TB    3599元（8月22日开卖）2599起啊....卢总真的杀疯了[老师好][老师好]详细拆解明天会上线  原图 ,2023-08-14 21:56,144,6,65
NeA536Bj9,#雷军年度演讲# 给大家整理下售价『小米 MIX Fold 3』12 + 256G   8999元16 + 512G   9999元16 + 1T        10999元『小米 Pad 6 Max 14』8+256 首发价   3599 元12+256 首发价  3799 元12+512 首发价   4199 元16+1TB 首发价   4599 元『小米手环 8 Pro』TPU表带  399元真皮表带  449...全文 [组图共3张] 原图 ,2023-08-14 21:37,91,4,34
NezZCatod,#小米平板6Max14#超超超大平板搭载第一代骁龙8+旗舰处理器16GB+1TB大内存10000mAh大电池，DOU续航模型2.04天  [组图共9张] 原图 ,2023-08-14 21:23,50,1,11
NezSEejyf,#小米MIXFold3#徕卡全焦段四摄，3.2X、5X双长焦镜头新一代 Summicron 徕卡光学镜头，新增超高透玻璃镜片内外都有2000万前置镜头这个影像配置大家觉得如何？  [组图共6张] 原图 ,2023-08-14 21:06,81,4,25
NezRMoaDB,#小米MIXFold3# 外屏  6.56 英寸 2520×1080 内屏  8.03  英寸 2160×1916都采用E6 发光材料1300nit全局亮度，2600nit峰值亮度。内外一致。  [组图共5张] 原图 ,2023-08-14 21:04,140,3,25
NezKM1VI9,#小米MIXFold3# 全新设计的龙骨转轴，折叠手感细腻，悬停稳固，并且铰链接触屏幕一侧非常平整。  [组图共9张] 原图 ,2023-08-14 20:47,54,1,12
NezHlya4y,#小米MIXFold3#单边5.26mm，折叠后10.96mm；超窄金属边框，高精拉丝工艺，四曲面玻璃后盖；丝绒玻璃&皮纹玻璃两种材质；星耀金&月影黑两种配色。  [组图共6张] 原图 ,2023-08-14 20:38,70,2,19
Nezco7Mx2,#雷军年度演讲# 雷总课堂之『如何搞定自学』  [组图共3张] 原图 ,2023-08-14 19:22,44,3,4
NeyTrrfm0,这回小武在前线感受现场，我已经搬好板凳准备听课了  原图 ,2023-08-14 18:35,77,1,19
NexLl8h9x,好家伙，我差点就成韭菜了话说特斯拉这两年的车型属实无趣，在国内，除了驱动方式，其它方面一点都不新势力……  原图 ,2023-08-14 15:43,169,3,56
NepenmH5b,去年为了解放我妈的老腰，给她整了台带自动上下水的全能扫拖机器人，老妈用完后的真实感受就是『旦用难回』。只不过这类全能机器人目前售价普遍都在四五千以上，所以远远谈不上普及。直到...前段时间我收到了一台米家的全能扫拖机器人 2。 楼斌Robin的微博视频  抽奖详情  ,2023-08-13 18:00,130,66,31
NedDB0lun,理想的新悬架体验推送了  原图 ,2023-08-12 12:29,90,1,40
Ne4CfsYsB,回顾下前几天我们测试的 Redmi K60 至尊版游戏表现王者荣耀高清画质+超高分辨率+120FPS，一局后平均119.6FPS，功耗为3.69w；和平精英流畅+90FPS，一局后平均90FPS，功耗3.57w；原神864P全特效+60FPS，半小时后平均59.6FPS。王者开启自适应画质后帧率更高，功耗和温度更低。从游戏表现来看，这...全文 [组图共4张] 原图 ,2023-08-11 13:31,64,1,30
Ne3MQ1U4r,京东入了Fold5和Flip5，小折升了杯，大折送了笔和套。即便是改了铰链，实际外观和手感相比上代没什么明显差异，依旧是厚厚的遥控器。等整完手头的项目就“刑具”伺候  [组图共3张] 原图 ,2023-08-11 11:24,129,2,51
Ne3s8BTqE,『YOGA Air 14s 图赏』今年值得入手的轻薄本，1.28kg机身重量足够便携处理器搭载7840S，大幅提升轻薄本的GPU性能首发价 7999元起8月15日 正式开售  [组图共9张] 原图 ,2023-08-11 10:33,78,1,28
NdWWT26qY,一台售价 17 万以下的车，在我以往不成熟的刻板印象里，用料和结构安全性肯定会打折扣。直到我深入了解吉利银河 L7 之后...可以先转发一波，抽三位平分【666 元现金】 楼斌Robin的微博视频  抽奖详情  ,2023-08-10 18:00,260,402,127
NdVdJdEfP,ZEEKR 001 FR全车碳纤维空气动力学套件 轻量化高性能锻造轮毂 碳陶顶级刹车盘看着是挺帅，百万跑车？  [组图共3张] 原图 ,2023-08-10 13:36,83,4,20
NdN9fy4JS,好看不，满分10分，来打个分  [组图共6张] 原图 ,2023-08-09 17:03,258,7,177
NdLzT1bED,一加 Ace 2 Pro 的邀请函火药味很浓啊8月16日见真章  [组图共3张] 原图 ,2023-08-09 13:03,189,2,68
NdGdV4ulI,难得喝酒叫代驾的独享时刻  原图 ,2023-08-08 23:25,80,0,17
NdEL3yeoE,长焦的一大应用场景  [组图共2张] 原图 ,2023-08-08 19:41,504,9,101
NdE5T5J8i,在小尺寸平板里，拯救者的 Y700 确实是独一份的存在。Y700 二代继续自己跟自己较劲，在核心配置和细节设计上都有明显的提升和优化，具体我们边拆边聊~ 楼斌Robin的微博视频  ,2023-08-08 18:00,213,47,41
NdCwtaVsy,『Xiaomi 智能家庭屏 Pro 8』几个核心体验点：1.充电口不再是传统的DC口，改为了极其便捷的 Type-C，外加7500mAh的电池，续航和充电的体验有提升；2.广域红外遥控（前后双红外），可以把家里的传统家电变身智能家居；3.105°广角摄像头，依旧有保护隐私的物理拨片，搭配扫地机器人可以变身远程遥控...全文 [组图共6张] 原图 ,2023-08-08 14:00,34,3,19
NduFosZgH,wow，这质感太棒了……通透，细节拉满，拿手里看了许久，已经不记得上一次这么吸引我是什么时候了[老师好][老师好]  ,2023-08-07 18:00,184,4,62
NdukA7Dis,索尼1000XM5收到了，体积明显小多了，佩戴也舒服多了，早这么干不就行了  [组图共2张] 原图 ,2023-08-07 17:08,147,3,56
Ndrwzr588,上周 Redmi 公布了接下来马上要发布的新机，K60 至尊版。并且重点宣传了性能的表现，正好我提前拿到了它，一起来看下实际测试的表现吧~#K60至尊版满血性能体验# 楼斌Robin的微博视频  ,2023-08-07 10:00,623,109,127
NdmSrESEW,来一杯小武特调君度+橙汁+气泡水，基味是橘子皮的味道，小酌怡情  原图 ,2023-08-06 22:10,88,1,14
NdlXIb33M,EDG再接再厉吧#lng对战edg#  原图 ,2023-08-06 19:50,62,0,20
NdlVk7ukx,收到闪极流浪地球的『互联网主机密钥充电宝』，还原的挺好，细节也很到位，这要是拿去出差过安检，人不得多看几眼自带一根C线，外加一个C口和A口。总容量10000mAh，最大20W输入输出功率。  [组图共9张] 原图 ,2023-08-06 19:44,67,5,31
NdleUAG3U,这些年看腻了铝合金CNC设计的笔电，所以每次看到纯白外观的笔电，内心难免会掀起一丝波澜。今天要拆的这台搭载英特尔酷睿i9-13900H处理器的拯救者 Y9000X 2023 就是高颜值类型的。#13代英特尔酷睿# #拯救者9000X颜值电竞本# 楼斌Robin的微博视频  ,2023-08-06 18:00,143,48,44
Nd2u0ftXs,极氪以不到50TOPS的算力，甚至都没有激光雷达，这通勤效率居然干到了第一。显然NZP的博弈相当给力，变道加塞都非常果断丝滑，不会让你觉得太憋屈。整体驾驶策略会比新手司机更激进一些。这也符合极氪一直以来『不造慢车』的理念，确实给了我很大的惊喜，后面有机会也想体验一下。...全文 [组图共2张] 原图 ,2023-08-04 18:15,109,4,34
NcVqRkiXk,终于到家了，看到豆包这撒娇样，什么疲惫都没了（当然，重点是看到小武）  原图 ,2023-08-04 00:18,94,3,28
NcTntrN8T,仰望U8，外观还能理解，但这内饰是不是过度设计了  [组图共2张] 原图 ,2023-08-03 19:04,1655,12,476
NcTlPcmQ1,Redmi接下来要发的新机，K60至尊版用了发哥的天玑9200+，外加Pixelworks X7独显芯片今天公布的信息来看，这回不仅仅只是单纯的堆硬件，开始在软件调教上下功夫了期待狂暴引擎2.0的实际表现现在在返深的飞机上，当天深圳北京往返真刺激  [组图共9张] 原图 ,2023-08-03 19:00,97,2,41
NcQRwBM18,Canalys 公布了 2023 Q2 的国内手机市场份额报告vivo（含iQOO）出货量为1140万台，以18%的市场份额再夺第一。OPPO、苹果、荣耀、小米紧随其后。结合2021年和2022年全年的销量报告来看，VO荣米的格局已经持续了三年。从具体的产品销量来看，2022年12月vivo X90系列在3500-5000价位段国内市占率24%排...全文 ,2023-08-03 12:40,1720,45,33
NcQeh3dl8,理想上架了L9 Pro，和Max的区别就是智能辅助驾驶配置，其它基本没变，省3万块～  [组图共2张] 原图 ,2023-08-03 11:03,48,0,16
NcO5FdxWw,早啊早班机去北京参个会～  原图 ,2023-08-03 05:36,106,0,27
NcJTFcGr1,小武终于开上她的极氪X了，她表示小车就是有掌控感，就像拿捏我一样  原图 ,2023-08-02 18:56,468,2,117
NcJQp6PnI,补一发 Redmi Book Pro 15 2023 的拆解~ 楼斌Robin的微博视频  ,2023-08-02 18:48,146,27,25
Ncqljqfmt,零跑下一代电子电气架构「四叶草」，用一个盒子控制车身，动力，智驾，座舱，四域合一。值得一提的是零跑的8295并不仅仅是座舱专用芯片，还负责智能驾驶，可以实现L2/L2+辅助驾驶，直接座舱驾驶一体化了。高配车型加一颗英伟达Orin-X，可以实现城市+高速领航辅助驾驶。 整车车身、网关由恩智浦S32G...全文 [组图共2张] 原图 ,2023-07-31 17:09,65,3,19
NcojylN7W,淦，刚给1000XM4充电，突然嘣的一声吓我一跳。特么左耳电池鼓包给顶开了这是知道我买新的了呗  原图 ,2023-07-31 11:59,339,2,90
NciBs9iUN,好家伙，豆包回来我就没地位了  原图 ,2023-07-30 21:27,104,0,21
Nch2NgN5c,vivo质感色彩将于9月份同步到 vivo X Fold2、X Flip 和 X80 系列  原图 ,2023-07-30 17:28,62,1,30
Nch18qPVA,"#vivo发布6nm自研影像芯片#首次采用6nm制程的全新自研影像芯片V3首发安卓平台的4K电影人像视频联合蔡司推出全新""Vario-Apo-Sonnar ""标准的长焦镜头，显著提升变焦性能和质量未来影像技术创新：3D人像重建、AIGC未来人像期待接下来X系列的表现了  原图 ",2023-07-30 17:24,40,1,10
Nc8Klfwxt,#first青年电影展#宋佳  [组图共2张] 原图 ,2023-07-29 20:21,79,2,22
Nc6cHdTqW,前段时间收到少数派寄来的Keychron K3 Pro，依旧是悬浮设计，手感清脆，颜值在线。抽送给有缘人，关注我+评论本条微博就行  抽奖详情  [组图共6张] 原图 ,2023-07-29 13:53,196,139,870
Nc5AHgnsn,理想魔毯空气悬架2.0要来了，增加了运动魔毯模式，重点在于优化了车身的姿态，支撑性更强。据说下个月推送给L789用户。以下是我司汽车编辑体验后的感受：加速和刹车的抬头点头没之前那么明显，变道侧倾更小，俗话就是不那么开船了，降低了晕车概率，更加适合城市这种没有太大颠簸的路况。等推送了我...全文 [组图共4张] 原图 ,2023-07-29 12:19,213,2,78
NbX3FpVSX,vivo影像加+ 作品展一堆人围着挺热闹，下去一看原来是搞了个装置，用vivo X90 Pro+自拍，然后可以直接打印出来挂上面～  [组图共9张] 原图 ,2023-07-28 14:36,52,2,14
NbWTw19z4,这个场景很适合用X90PP的质感模式  [组图共4张] 原图 ,2023-07-28 14:11,36,1,9
NbW6Gpmbt,前线分身来报今年的CJ看样子人还挺多，有去的朋友么？  [组图共4张] 原图 ,2023-07-28 12:10,46,1,11
NbV5HphEL,一觉醒来变双台风了vivo自带得天气软件挺好用，直接就能看台风路径  [组图共2张] 原图 ,2023-07-28 09:35,477,7,122
NbMQGs62U,100E卡+5万多京豆，1300冲一副索尼 WF 1000XM5降噪和音质都不担心，就看佩戴体验有没有改善。  原图 ,2023-07-27 12:36,100,2,41
NbM8orDBX,好家伙，一加这VC确实大，9140mm²，看形状基本是填满了并且外部结构挺复杂的样子，期待到手拆开看实物  [组图共4张] 原图 ,2023-07-27 10:47,149,2,49
NbLR0ukjs,一加 Ace 2 Pro，『行业最大VC散热面积』看谁先把中框填满  原图 ,2023-07-27 10:04,138,2,28
NbLLVe8FT,接下来一周去西宁避避暑  原图 ,2023-07-27 09:52,103,0,35
NbGCXbpvp,三星Z Fold5 先行者价格 12+512  13999元；12+1T  15999元终于追上了国产折叠的步伐，不再是U型铰链了。整机比Fold4轻了10克，机身短了0.2mm，闭合状态下更薄了。屏幕峰值亮度高了250nit，SoC升级到骁龙 8Gen 2。Z Flip5 先行者价格 8+256  8499元（先行者可以免费升杯到8+512）同样抛弃U型铰链...全文 [组图共2张] 原图 ,2023-07-26 20:46,99,5,54
NbGxV93Po,今天我们开拆鸽了很久的魅族 20 INFINITY 无界版，看看这无界版的内部相比 PRO版本到底有哪些改动？ 楼斌Robin的微博视频  ,2023-07-26 20:33,343,88,67
NbEjxacA7,好了，我知道我成大冤种了但接下来还有一波，大家一起先行一下不  原图 ,2023-07-26 14:53,103,1,27
NbEbpmnMR,入手了一套三星Q990B，比原价跳水不少了，对比了下最新的Q990C，只是小幅升级，意义不大~搭配公司的小米大师86试了下，空间感和氛围感相当不错了，打算给老妈家里整一套  原图 ,2023-07-26 14:33,68,6,35
NbCExDp0Q,猜猜这是什么水果？（我们真诚点，用识图就过分了啊）  原图 ,2023-07-26 10:39,108,5,191
Nbw6W6kzl,拯救者 Y9000P 这个系列自发布以来，凭借优秀的性能调教以及加量不加价的优良作风，备受游戏用户的喜爱。最近到手一台 i9-13900HX+RTX4090 的 Y9000P 至尊版，一起来看下它的表现~ 楼斌Robin的微博视频  ,2023-07-25 18:00,94,19,21
Nbv3Oa9cI,『#OPPO K11# 图赏』【售价】8+256  1799元（首销优惠100）；12+256 1999元（首销优惠100）；12+512  2499元，这价格太卷了...【设计】整机184g，厚约8.23mm，2.5D直屏。有冰川蓝和月影灰两款配色，我拿到的月影灰实际质感很足，OPPO的设计还是非常在线的。【屏幕】京东方独供 6.7英寸 120Hz  OL...全文 [组图共6张] 原图 ,2023-07-25 15:19,48,2,22
NbuQojfZN,OPPO K112000元档唯一碾压级影像硬件~  原图 ,2023-07-25 14:46,39,1,25
Nbnjwuy5I,难得大油大盐一把，体验下万象天地新开的米其林川菜:食川非川（人均¥260）水煮大黄鱼:服务不错，额外给了面包吸油。黄鱼肉外酥里嫩，口感不错，但基本没有食材本身的味道了。黄鱼还得是清蒸好吃雪花牛肉麻婆豆腐:专门配了差不多三口米饭，第一口很给力，第二口就彻底失控了，...全文 [组图共4张] 原图 ,2023-07-24 19:36,76,0,25
NbloGr9lB,之前装修刷的灰漆墙面及其不均匀，实在受不了了，前两天果断换成了墙布，现在舒服多了  原图 ,2023-07-24 14:43,115,1,38
NaKjkziDc,OnexPlayer 飞行家 F1搭载 R7-7840U，780M 核显，Time Spy 跑分 3374 分，相比上代性能提升 20%，机身散热采用液态轴承风扇，3 根纯铜散热铜管，保证游戏性能。Windows 11 系统，参数即时调控弹窗可调节 TDP 功耗，CPU、GPU 频率，风扇转数，RGB 灯效，分辨率，亮度，音量等。支持全渠道游戏云存档...全文 [组图共9张] 原图 ,2023-07-20 16:18,63,6,16
NaJNq34SE,刚刚发布的努比亚Z50S Pro，本以为只是常规的换芯之作。没想到大改了外观设计，并且还在主摄的镜组上下了狠料，整个模组尺寸和英寸不相上下。所以努比亚Z50S Pro的影像表现真的能超越一英寸么？我们边拆边聊~ 楼斌Robin的微博视频  ,2023-07-20 15:00,273,140,69
NaBLYkATy,争议没停过，但销量依旧蹭蹭往上涨  原图 ,2023-07-19 18:34,483,10,151
Naz3tsLTm,这白色有点东西，值得裸一把  [组图共2张] 原图 ,2023-07-19 11:39,186,4,70
Natbqkkoy,自从有了Pico 4 Pro，小武再也不玩Switch的健身游戏了就这手法。难度10的对手也扛不住啊 楼斌Robin的微博视频  ,2023-07-18 20:42,176,5,45
NarAYjn3j,一车中端机，之前都没拆，索性来个大横评  原图 ,2023-07-18 16:39,195,3,46
Nafmfbnfz,努比亚Z50S Pro，黑色or黄色？这大圆饼设计的还挺好看  [组图共2张] 原图 ,2023-07-17 09:30,128,4,74
Na9v49Bj6,没有什么是一顿大餐解决不了的  [组图共3张] 原图 ,2023-07-16 18:35,331,5,80
Na8We4BsJ,刚在排队买冰激淋，看到远处一对情侣在吵架 女生声嘶力竭的冲着男生吼着男生大部分时间只是呆呆的站着，偶尔动动嘴皮子，背影显得那么的苍白无力…最后这场争吵以女生用力把手里的袋子怒甩地上而告终女生气愤的离去，男生在犹豫了几秒钟后毅然追了上去(用跑的)此时我看到手中给@武莹Yoki 买...全文 ,2023-07-16 17:10,545,3,108
Na8MP5lQF,深圳万象天地的店铺更替太快了，每次来都有新面孔，之前很喜欢的一家服装店变成帝瓦雷了  原图 ,2023-07-16 16:46,99,4,28
Na0298Hg5,近期这一波小米13的续航黑的太没水准了...电池用久了最多就是可用容量下降，这电池能量密度下降还是头一回听见看了下@新评科技 续航测到死的数据图，半年后也就差半小时，这没啥毛病啊  [组图共2张] 原图 ,2023-07-15 18:30,792,4,183
N9Y6XdfoF,这几天拿iQOO 11S上分，手感挺好。直接变身『埋头猛冲的战斗狂人』  [组图共2张] 原图 ,2023-07-15 13:36,81,1,34
N9OJMjGBl,阿维塔12 工信部照片2米宽5米长，轴距3米，属于大型Coupe轿跑了。相比11在设计上收敛了一些，圆润了不少，大家觉得如何？  [组图共4张] 原图 ,2023-07-14 13:44,63,7,39
N9ygiBo1S,荣耀Magic V2 ，把折叠机干进1cm之内，前段日子摸过真机，确实很惊艳  [组图共3张] 原图 ,2023-07-12 19:47,81,3,39
N9p7cBZAl,@李杰灵 夫妇送来的猪肉，立马下锅安排  原图 ,2023-07-11 20:30,146,5,41
N9n3MDbMc,特斯拉这新车看着挺酷，50kg的承重，可以考虑给@武莹Yoki 整一台玩腻了还能……  [组图共2张] 原图 ,2023-07-11 15:16,177,6,64
N9mSazFHq,最近整了一套车拍系统，刚下楼打算装车试一波。结果旁边停进来一辆阿维塔11，一看车主居然是个中年大叔。我打招呼说：大叔挺潮啊！大叔回道：要保持一颗年轻的心，永远向年轻人看齐  [组图共2张] 原图 ,2023-07-11 14:48,110,3,28
N9eHueNpl,苹果新上的 15 寸 MacBook Air，好不好用值不值得入手我们边拆边聊~ 楼斌Robin的微博视频  ,2023-07-10 18:00,213,53,26
N9eiDuHzm,OPPO手表车钥匙，支持理想全系列车型来的很及时，正好最近打算换Find N2用用  原图 ,2023-07-10 16:58,132,0,20
N8M2420vM,@测评君 胖是有原因的，就沈阳这下午茶，属于正餐级别的了  [组图共4张] 原图 ,2023-07-07 17:01,112,72,29
N8CZvExh7,红魔首款平板，够不够硬核我们边拆边聊~ 楼斌Robin的微博视频  ,2023-07-06 18:00,160,42,29
N8v9zA8EI,#李玟去世#这……太突然了吧！真的是听她歌长大的，特别是那首宝莲灯的「想你的365天」  ,2023-07-05 22:02,249,6,43
N8ubcjL0p,上周去北京体验了理想早鸟版的通勤+城市NOA，简单和大家分享下实际感受~夏日福利来一波，转发本条微博，抽一位送【HomePod mini】一个，喜欢就来个三连[老师好] 楼斌Robin的微博视频  抽奖详情  ,2023-07-05 19:34,183,289,106
N8tgO357G,现在外卖小哥玩的这么6么？电瓶车+平衡车，主打的就是一个效率呗  原图 ,2023-07-05 17:15,187,6,37
N8sMiiyvn,『红魔电竞平板图赏』拆解这两天就上线~  [组图共9张] 原图 ,2023-07-05 16:00,80,5,30
N8sKgoCz4,『红魔氘锋蓝牙耳机 DAO TWS 图赏』整体定位属于可拆解桌面级TWS，可以当单纯的蓝牙耳机用，也能连PC当游戏无线耳机用。外观设计一如既往的氘锋，全透明的机仓+耳机，盒子边框是不锈钢材质，科技质感还是很足的。耳机盒是旋转打开的方式，仪式感到位，支持无线充电。耳机本体佩戴轻盈舒适，降噪模...全文 [组图共9张] 原图 ,2023-07-05 15:55,33,4,9
N8s921LbR,我自己都不信这是我#给旧时光拍张照#  原图 ,2023-07-05 14:23,100,0,55
N8kVfphef,iQOO 11S 的综合表现确实超越了标准版的定义。定位之下，超帧功能进一步提升游戏体验。除此之外在影像、快充和系统交互方面都有不同程度的提升。整体对得起超级标准版旗舰之名！#iQOO11S# #iQOO11S发布会# 转发本条微博，抽一位送视频最后的iQOO TWS 1耳机一副！ 楼斌Robin的微博视频  ,2023-07-04 20:00,249,213,86
N8hNHvxws,vivo X90 Pro+的质感色彩来了  原图 ,2023-07-04 12:03,133,1,52
N8aPK6jYz,阿维塔11提回来好几个月了，在深圳的城区NCA开放后，这车是越开越勤快了。讲几个我感受最强的地方，首先是这车的造型是越看越顺眼，尤其是斜后方这个角度辨识度极高，很有未来感，特别是HALO屏幕，现在OTA后，在充电时候的也能显示，尊贵感一下就出来了。其次是它的前备箱空间做的挺大，我们开出去外拍...全文 [组图共3张] 原图 ,2023-07-03 18:19,70,4,36
N7Ryo5Hdw,零跑6月销量也来了~一共交付13209台，其中C11车系交付8900+台  原图 ,2023-07-01 17:14,75,0,34
N7AltsSXm,G6的价格出来了，20.99万起，而且还送限定色，这个价格公布出来全场都挺激动的，比我想的还便宜1万，真卷起来了！目前G6的竞争对手可以说就俩，一个Model Y，一个深蓝S7，对比Model Y 的优势就是内饰的精装修，而对比更便宜的深蓝S7，小鹏多了800V平台（更快的充电速度和更低的能耗），前后一体铝压铸...全文 [组图共9张] 原图 ,2023-06-29 21:25,99,5,53
N7zSW96R5,小鹏G6发布现场的主题竟然是水果，送的手礼是对应座位区的荔枝，以及G6的产品手册，这是不是在暗示我什么  [组图共3张] 原图 ,2023-06-29 20:15,61,1,20
N7z9isOZM,阿维塔谭本宏发内部信显示，超过90%的首批车主被独树一帜的未来感设计打动。这点没毛病，确实好看。在智能科技上，阿维塔全系标配了高阶智驾辅助系统，涵盖高速、城区、泊车三大场景，NCA目前还是基于高精地图，比较期待下半年基于大模型的华为ADS2.0。  原图 ,2023-06-29 18:22,29,3,8
N7z03dDGA,在vivo X90系列发布7个月后，通过几个软件版本的更迭，搭配发哥新旗舰SoC，vivo 加更一场，推出了vivo X90s。这半个月深度体验下来，性能、影像和系统体验都很到位，妥妥的是一台旗舰标准版序列里非常推荐购买的机子。我意思一下，赞助一波，转发本条微博抽一位送300元#vivo X90s#...全文 ,2023-06-29 18:00,175,202,85
N7yRozA3Y,小鹏G6亮相后过了两月，今天总算要正式上市了。小鹏去年过得不太顺利，G9虽然是个好产品，但定位和营销没有凸显其优势。这次的G6，目前看来产品力还是挺不错的，72小时的预定量也破了25000，可以说是小鹏的救火车型了，预售价22.5万，今晚的正式价格应该还会再低一点，我预测21.98万！  [组图共3张] 原图 ,2023-06-29 17:38,40,0,16
N7dcoxa8L,OPPO Reno系列的定制机向来是非常能打，这回 Reno10 系列又和英雄联盟手游联动，带来灵感源自星籁歌姬·萨勒芬妮的#OPPO Reno10 Pro 星籁版#。颜色灵感则是来自中单法师萨勒芬妮的粉色长发，星籁同时也取自「萨勒芬妮」“星籁歌姬”称号。浅粉的颜色再加上 Reno 系列拿手的玻璃工艺，主打一个梦幻少女...全文 [组图共12张] 原图 ,2023-06-27 10:30,278,81,32
N75V8puu6,果然很艺术，开场先来一曲但我只对台上这个拆了的音响感兴趣  [组图共6张] 原图 ,2023-06-26 15:58,60,3,12
N75tPzaNa,vivo X90s 起售价3999元，最爱告白～  [组图共3张] 原图 ,2023-06-26 14:51,51,0,38
N74KLpZE0,待会去参加 DUOMONDI 的中国首秀活动，一个来自意大利的音响厂商。邀请函很讲究，本子出自及其老牌的纸厂Fabriano，手绘+手写内容，诚意和成本都很足。有点小期待  [组图共3张] 原图 ,2023-06-26 13:00,49,0,5
N73ZsDfYC,vivo X90s 和 iQOO 11s 双发  [组图共2张] 原图 ,2023-06-26 11:03,113,1,24
N73WAtxQ3,给理想L9备个床垫，最近情况不是很妙，指不定什么时候就用上了  原图 ,2023-06-26 10:56,214,0,51
N6XTkysUj,闪极这款迷你充电宝，我出差一直在用，前几天老婆还和我抢着要。好在这款粉透盖板来的很及时，突出一个少女心虽说充电宝这东西就是个消耗品，但是出差带习惯了闪极，感觉审美被绑架了，普通的充电宝还真入不了眼了  [组图共6张] 原图 ,2023-06-25 19:31,56,2,21
N6Qapak3V,好听，激励，感动～学友都60多了，歌声还是那么有力量[老师好][老师好]  [组图共14张] 原图 ,2023-06-24 23:51,251,10,41
N6OlFgbDC,学友，我们来听演唱会了 澳门·金光综艺馆  显示地图 [组图共3张] 原图 ,2023-06-24 19:14,163,1,52
N6G4I8HWI,摄影作品：你过来啊！  原图 ,2023-06-23 22:10,211,4,30
N6FhekGK5,我：师傅，我们去XXX餐厅师傅：哎呀，你们很久没来澳门了吧，你说的这家早就倒闭了。我：啊？但大众点评明明写着营业中啊！师傅：我是本地的，肯定比大众点评清楚啊。我：那你把我们送到那附近，我们自己找其它的就行。师傅最后把我们送到了另外一家餐厅门口，告诉我们这家味道不错。本着...全文 显示地图 ,2023-06-23 20:08,941,25,126
N6E5Ebkmh,出发澳门，明儿就能见到我的学友了 深圳·蛇口邮轮中心  显示地图 [组图共3张] 原图 ,2023-06-23 17:07,235,2,37
N6xJSBVD6,  [组图共3张] 原图 ,2023-06-23 00:57,65,0,5
N6x5xgyMh,给我的L9配了套实木脚垫，更像移动的家了特别是坐副驾脱了鞋触碰的瞬间，让这个炎炎夏日增添一份凉爽但是……@武莹Yoki 和我产生了很大的分歧，她说很丑，所以朋友们我该怎么办，在线等[老师好][老师好]  原图 ,2023-06-22 23:17,238,3,112
N6vjdyuEq,这么看@李杰灵 ，这个480好像值了点  原图 ,2023-06-22 18:46,99,5,19
N6ulZ9Wgy,下午主打一个养生，好在有随身携带专业泡茶师@武莹Yoki  深圳·泰华梧桐岛  显示地图 [组图共3张] 原图 ,2023-06-22 16:20,102,0,14
N6tsi657p,午餐主打一个节日氛围，黑松露猪肉、红豆沙蜜枣、排骨三种馅儿  [组图共2张] 原图 ,2023-06-22 14:02,52,0,12
N6sjrhO9q,大家端午快乐  原图 ,2023-06-22 11:08,214,1,74
N6jPT3t1s,vivo X90s 图赏夏日特调--青漾  [组图共6张] 原图 ,2023-06-21 13:33,112,5,78
N6iCcjFVv,到了一套新组合  原图 ,2023-06-21 10:27,121,3,55
N6a5DpEKv,今天主打一个人像 香港·赤柱  显示地图 [组图共2张] 原图 ,2023-06-20 12:44,159,0,82
N64sIEtll,据说是香港Top6的酒吧桌上有很多铁艺小人儿，为了防止有人随手顺走，这警示牌写的很有意思，属于科技手段和因果轮回的双重打击 香港·The Iron Fairies  显示地图 [组图共2张] 原图 ,2023-06-19 22:25,59,1,7
N63dt8pPt,vivo X90s 『质感』模式直出这个模式是在 Demo X 基础上的再调整，最直观的就是对比度更高，画面立体感更强。光影表现相比普通模式的暴力HDR也要更自然了。后续会适配 X90 系列其它机型，相比上条微博的 Demo X 直出，大家更喜欢哪种影调风格？人像就不用多说了，一如既往的出色。美食模式也很出...全文 显示地图 [组图共18张] 原图 ,2023-06-19 19:14,114,4,46
N62M89E9l, vivo X90 Pro+『DEMO X』 模式瞎拍 香港  显示地图 [组图共9张] 原图 ,2023-06-19 18:07,117,10,38
N60V6c4H6,摄影作品：被抛弃的楼斌@武莹Yoki  原图 ,2023-06-19 13:24,227,1,64
N5Z3dy3eR,深圳高铁到香港确实方便，刷个微博的时间就到了。到酒店找了个通透的窗边凑合一口 香港·千禧新世界酒店  显示地图 [组图共2张] 原图 ,2023-06-19 08:38,101,1,29
N5YenfDv1,昨晚航班延误，半夜才到家，睡了俩小时继续出发去HK  原图 ,2023-06-19 06:33,76,2,18
N5SZJxxkC,最近做了批小米13Ultra的凯夫拉和PP壳，有兴趣的可以去店里看看 小米 13 Ultra 定制芳纶凯夫拉保护壳  [组图共2张] 原图 ,2023-06-18 17:13,37,0,14
N5RzK6Qfq,作为目前华为Hi模式的独苗：阿维塔11，提车三个月后和大家聊聊实际的使用感受~ 楼斌Robin的微博视频  ,2023-06-18 13:36,93,17,16
N5PoM6HPx,早些年找办公场地基本都是拎包入住，后面才开始自己搞硬装软装。随着需求越来越多，隔间也越来越多本着懒惰的天性，智能控制就成为了刚需。这回新办公场地用的是Aqara的整套智能控制系统，包括灯、窗帘、监控和网关面板。没整的特别复杂，就是单纯的开关。这种不受空间限制的语音和远程...全文 [组图共9张] 原图 ,2023-06-18 08:04,72,2,21
N5P1T8p2s,早饭来一口，待会去理想工厂参观～这酒店的面好评，跟麻辣烫一样的自助式。量多量少自己说了算 常州·常州星河万丽酒店  显示地图 [组图共2张] 原图 ,2023-06-18 07:07,78,3,15
N5L4OmZDn,理想超级旗舰命名为MEGA（Make Ev Great Again?）年底见，预计50万以上  原图 ,2023-06-17 21:04,66,0,25
N5L2TAIXh,问题不大，这不下半年还有通勤NOA[666][666]可以自己训练，绝对的刚需功能！#理想家庭科技日#  [组图共3张] 原图 ,2023-06-17 20:59,26,0,2
N5L1tu2Lx,从目前NPN覆盖情况来看，首批开放城市NOA就是北京和上海了，木有我大深圳不过应该不会等太久  [组图共2张] 原图 ,2023-06-17 20:55,21,0,3
N5L0CzjKQ,理想城市NOA来了，首个不依赖高精地图的城区智驾。现场给了42号车库在北京的实测视频，看下来整个博弈还是比较激进的，很刺激  [组图共6张] 原图 ,2023-06-17 20:53,19,1,10
N5KTHznrB,好家伙，整了个Mind GPT……可以编故事、解题、出行规划让理想同学成为每个家庭的新成员#理想家庭科技日#  [组图共4张] 原图 ,2023-06-17 20:36,36,2,13
N5KR6bUcP,我艹，理想的自动充电机器人[666][666]#理想家庭科技日# 楼斌Robin的微博视频  ,2023-06-17 20:30,63,17,32
N5KHmg4CA,理想第40万辆量产车下线厂长下来就是一句：大家好，我是李斌 #理想家庭科技日#  原图 ,2023-06-17 20:06,50,1,6
N5Kvc74ku,好家伙，理想直接拿一总车间当发布会场地在这拆……哦不是，拍车一定很爽  [组图共6张] 原图 ,2023-06-17 19:36,108,1,30
N5HBzBFMt,果然是#理想家庭科技日# 下来吃个饭一看，全是带着老婆孩子的，我一个人显得格格不入后悔没带小武来了，有没有常州的家人们来充个数的  ,2023-06-17 12:13,23,0,15
N5GJgtObf,挑轻薄本，大家都知道要认准EVO。而挑游戏本，就必须认准NVIDIA GeFoce RTX 40系列。一起来看看这台搭载NVIDIA GeFoce RTX 4060的拯救者 R9000P，表现如何？#笔记本升到40系# 楼斌Robin的微博视频  ,2023-06-17 10:00,89,15,11
N5CnZsp8I,问题不大，只延误了4个小时。顺利到达酒店期待明晚理想的5C、城市NOA等等新技术新产品的亮相#理想家庭科技日# 常州·常州星河万丽酒店  显示地图 原图 ,2023-06-16 22:56,72,1,11
N5ATv8iNx,iQOO Neo8 Pro正式发布也有一段时间了，作为iQOO Neo系列的首款后缀带有“Pro”的机型，直接首发搭载了联发科最新的旗舰5G芯片天玑9200+，这首发节奏和老东家配合的天衣无缝。看到大家都在催拆解，这不，来了！ 楼斌Robin的微博视频  ,2023-06-16 19:08,211,35,45
N5zKp1xYD,阿维塔x华为智驾技术沟通会简单总结：-华为ADS 2.0已经覆盖了国内30万公里的高速里程，除了高速领航外，目前支持深圳、上海、广州、杭州、重庆的城市NCA，并且基于多模态的多维大网络模型，相比依赖高精地图的方案，在城区覆盖速度上有大幅提升，预计今年年底会支持45个城市的NCA能力。-以前车辆做...全文 [组图共9张] 原图 ,2023-06-16 16:13,28,1,12
N5yTMtFre,出差去常州～最近深圳这雷暴天气，航班大概率会延误，希望别取消就行  原图 ,2023-06-16 14:04,61,0,37
N5y03isor,#长大后你还会亲爸爸吗#小米徕卡影像这一次的策划真的不错，每一个画面都让人心中有所触动。平时我们总忽略了跟父亲爱的表达，这往往是因为他平时的沉稳让人望而却步，但是你知道他的关心和爱一直都在。既然爱说不出口，那么这个父亲节我们回去就亲一口吧，让他知道，无论我们什么样子，在他面前，还是...全文 ,2023-06-16 11:46,36,1,3
N5rKY15br,蔚来ET5旅行版售价- 75kWh：29.8万元- 100kWh：35.6万元ET5大冤种在哪里  原图 ,2023-06-15 19:53,29,0,12
N5hDOwPTH,转发并关注，抽一位送『LinkBuds耳机』一副。说实话，每次拆索尼的机子我内心是满怀期待的，但凡有一点改动，就会让我觉得这是史诗级更新~ 楼斌Robin的微博视频  抽奖详情  ,2023-06-14 18:07,472,795,276
N5hCDeVC3,销量图表是一个直观反映销量好与不好的最佳呈现。这不5月50万以上豪华MPV 销量排行正好出“炉”。好家伙，极氪009 又一次霸榜，并且销量远超老霸主埃尔法和威尔法。上次去重庆感受过一次，二排视觉上的包围感和豪华感营造的确实不错  [组图共4张] 原图 ,2023-06-14 18:05,42,1,22
N5abjqI8u,DRY STUDIO 首款产品 Black Diamond 75，全球首款 Leaf Spring 客制化电竞键盘。外观类似跑车造型，棱角分明。按键手感软弹，掌托亲肤感很好。关键价格不错，1480 元起售，拍了个小短片，大家感受下 楼斌Robin的微博视频  ,2023-06-13 23:08,61,12,18
N58QAx8kS,大家买竖折手机最关注的是什么？欢迎评论区留言~ 楼斌Robin的微博视频  ,2023-06-13 19:44,161,30,33
N51motGKN,有一说一，阿维塔11的设计还是很别致的特别是斜后侧视角，越看越喜欢~  [组图共3张] 原图 ,2023-06-13 00:41,79,1,16
N4ZBjehdD,今儿午夜档的活儿  原图 ,2023-06-12 20:12,66,0,24
N4Gexhmd8,买了个三星G9玩玩，开开心心的跑去公司开箱，结果屏幕中间看到了折痕，还特么是斜的……一种不好的预感油然而生。开机后一看，席巴……估计运输过程干废了。好在京东售后给力，也没问什么，就让我拍几张包装的照片，立马安排人收回。即使扯皮也不怕，我这儿有完整的监控录像。就是原本的大好心情没了...全文 [组图共3张] 原图 ,2023-06-10 18:54,189,3,55
N4FZicQi1,这几天大家应该都惊讶于 Vision Pro，但实际体验也是明年的事儿了。我们把目光拉回到当下，现阶段国产的 AR 眼镜也具备相当的可用性了，在佩戴舒适度和体验上平衡的不错。比如今天我们要聊的这副雷鸟 Air Plus！ 楼斌Robin的微博视频  ,2023-06-10 18:16,134,15,19
N4xaLjCLt,说到高端轻薄本，肯定离不开联想的YOGA系列。今天带大家一起体验下前段时间刚上架的 YOGA Pro 14s 2023 高能本，在英特尔 Evo 平台认证和13代酷睿i7-13700H的加持下，到底有多大提升？#灵感生活 自在YOGA##YOGA Pro 不止于强##英特尔Evo# 楼斌Robin的微博视频  ,2023-06-09 19:50,96,24,28
N4nOiEZ3B,『小米 Civi3 迪士尼100周年限定版图赏』好家伙，收到邀请函的时候以为只是 小米 Civi 3 的定制，结果收到了整整一行李箱定制系列。包含小米手环 8、小米真无线降噪耳机 3、自带线10000mAh充电宝和手机壳，就连行李箱都是定制过的，瞬间唤起了我的童真小米今年的...全文 [组图共18张] 原图 ,2023-06-08 20:00,78,6,16
N4myMxE8V,跟二🐏了的摄像拍了一下午素材……我……  原图 ,2023-06-08 16:49,120,2,31
N4lweDm8p,『Xiaomi Civi 3 & 迪士尼100周年合作邀请函』小米最新搞IP定制飞起啊，光这邀请函就花了不少心思。特别是这个米奇大提手，代入感很足重头戏肯定是定制手机了，晚点给大家上图赏#小米迪士尼100周年特别合作# #小米Civi3# #迪士尼100周年#  [组图共9张] 原图 ,2023-06-08 14:10,52,4,9
N4lhm81DZ,Redmi Note 12 Turbo 额外上了一个新版的哈利波特联名手机壳，元素及其丰满。单买99元，如果正好有购买 Note 12 Turbo 的朋友建议直接加购，可以立省30元  [组图共9张] 原图 ,2023-06-08 13:33,57,2,14
N4dB7o8v3,说起人像拍摄，肯定离不开 vivo 的 S 系列。前段时间发布的 vivo S17 Pro ，不仅仅只是算法上的升级，还有硬件上的加持。这回算是把『柔光灯和柔光环』给玩明白了，有一说一，确实能做到远近明暗都清晰~ #vivo S17系列# 楼斌Robin的微博视频  ,2023-06-07 18:00,135,127,39
N4bPCcV4N,这大概是更新iOS 17后感知最大的功能了  目前用下来，微博容易出BUG，经常调不出表情界面其它软件没啥问题  原图 ,2023-06-07 13:30,152,1,61
N44oghkzx,下午去深业上城集度体验店看了下ROBO-01汽车机器人，店里的展车是普通版本的工程样车，售价目前还没定（顶配的探月版是39.98万），预计第三季度交货。就目前的外观看起来，属于简约类型，灰色实车效果一般，比较看好橙色和珍珠白。整车的动感还是有的，还带了主动升降式尾翼。国内首发高通8295芯片...全文 [组图共18张] 原图 ,2023-06-06 18:33,73,4,28
N43N2qmb4,白色的L7真好看有冲动卖L9换白色L7了……  原图 ,2023-06-06 17:01,177,4,108
N3YupEaPo,上几张Vision Pro的细节图，大家自己感受下#wwdc23#  [组图共14张] 原图 ,2023-06-06 03:32,97,8,38
N3YtH8MWG,认真看完了整场发布会，转场动画一如既往的优秀。对于iOS、iPadOS、macOS和watchOS的更新也是一如既往的...挤牙膏，上个应用双开和侧边滑动返回就那么难么硬件上更新了15.3寸的MacBook Air、M2 Max和Ultra的Mac Studio，以及M2 Ultra的Mac Pro，至此除了之前的27寸iMac，全系都换成自家芯...全文 [组图共14张] 原图 ,2023-06-06 03:30,315,27,90
N3Xuwt6jH,#wwdc23# 快开始了，今年的内容非常值得期待。不管是iOS还是MacOS都乏味多年了，看看今晚的更新力度到底如何。我的iPhone 14 Pro已经在开发者更新队列了，就等凌晨更新了还有就是能定义苹果下一个十年的AR眼镜，现阶段产品形态不是关键，还得看OS和内容生态的建立，在这点上苹果具备足...全文 原图 ,2023-06-06 00:59,35,1,10
N3W5v1vTf,今晚有守夜的么  原图 ,2023-06-05 21:25,88,1,81
N3JAi84Nt,今天睡了个懒觉，起来一看桌上多了两张学友的演唱会门票  爱你媳妇儿@武莹Yoki   原图 ,2023-06-04 13:35,510,4,81
N3thDbQXY,当收到哨兵提醒的时候我就知道大事不妙……跑下去一看，啊，车衣车漆尽毁这周被蹭了两次，大车好欺负呗好在这个世界还是好人多，撞我的朋友留了电话走了保险  [组图共2张] 原图 ,2023-06-02 20:05,287,7,59
N3slbgWQq,vivo S17 Pro 这个配色很可以  原图 ,2023-06-02 17:41,85,1,21
N3pQ4vJ7I,索尼 Xperia 1 Ⅴ 到货了，这回的赠礼比上次大气多了。同样是京东下单，附带原装壳、保护膜和一副LinkBuds还额外送了个带人脸跟踪的转盘……这一套配件送的我都不想拆了  [组图共3张] 原图 ,2023-06-02 11:19,189,3,82
N3lpcjk9d,moto razr 40 Ultra，简单说说到手后印象最深的三个点。首先是整机做的很轻薄，配色推荐蓝色和黑色，洋红比较难Hold住；其次是这回的设计不再是单一的商务男性风了，开始照顾女性用户了；最后是这块外屏，亮度、细腻度和可用性是目前所有小折里最好的。机子已经拆了，不日会上线。（最近公司开始...全文 [组图共2张] 原图 ,2023-06-02 00:02,102,3,28
N3j2t0DJf,理想6月看样子要破3万了，这个销量增长一点也不奇怪，产品确实做的好  原图 ,2023-06-01 18:00,80,7,18
N38fRmc2R,vivo S17系列发布会开始了，今年的轻薄系列应该都发完了。大家猜一波价格，猜对的送小礼品  原图 ,2023-05-31 14:33,27,1,36
N30f0g8IA,靠，我的理想L9屁股被蹭了，还好我贴了车衣，没伤到车漆，问题不大。主要前几天手贱把哨兵关了找保安查监控也看不出什么碰撞的痕迹。我估计蹭我的兄弟要么没感觉到，要么素质差跑路了看来还是不能大意，得保持哨兵常开  [组图共2张] 原图 ,2023-05-30 18:09,203,3,74
N3013jzCR,『魅族 20 PRO 晨曦紫图赏』这个紫色调的确实很少女，好在@武莹Yoki 能 Hold 住  [组图共9张] 原图 ,2023-05-30 17:35,124,7,30
N2XqLCXCM,『Redmi Note 12T Pro 图赏』今年Redmi和高通的联合定义玩的挺溜，前有 Note 12 Turbo 的第二代骁龙7+，后有 Note 12T Pro 上的8200-Ultra。实测玩王者和吃鸡的能效比不错，满帧稳定运行下，功耗分别是3.3W和3.8W。屏幕继承上代旗舰级LCD的优良传统，144Hz刷新率（7挡变速），实测手动全屏最高580n...全文 [组图共9张] 原图 ,2023-05-30 11:00,83,2,29
N2REc48rr,最近状态有点炸，和小武过来小酌放松下 老板推荐的这瓶97年雷司令可以，口感相当柔顺，产区斯洛文尼亚，上次小米邀请函送的雷司令是德国产的。 深圳·weeknd CafeWine Bar  显示地图 原图 ,2023-05-29 20:16,135,0,15
N2R3GzL2F,五一假期我是在一位美食博主的家里度过的，他做了一道鱼子酱鹅肝，我拆了一台搭载旗舰骁龙芯片的手机。好食材成就美味佳肴，好芯片打造高能手机。这么看两者还是有共通之处的。本来是打算让TVC团队用相机拍的，后来临时起意，直接用骁龙手机安排了。拍了整整一天的 4K 60帧视频，续航和稳定性都不错...全文 ,2023-05-29 18:46,101,16,15
N2Qmiqf9b,之前的vivo TWS Air 无论是佩戴、听感还是延迟，都是同价位段表现优异的存在。而这回的 Pro 索性直接开启了内卷模式，加入了优秀的主动降噪功能。至少在这个价位段，你甚至都找不到第二副带 ANC 的半入耳式耳机。 vivo TWS Air Pro ：300以内唯一半入耳主动降噪  ,2023-05-29 17:00,289,77,43
N2PerF8qj,前段时间索泰寄过来的蜘蛛侠联名礼盒，迈尔斯、格温、2099三蜘蛛侠同台，挺酷的。直接抽送给大家吧，喜欢的转发即可~（只是礼盒，没有显卡）话说《蜘蛛侠：纵横宇宙》6月2号就上映了，上一部直接拿了奥斯卡最佳动画，不知道这部新作是否能继续保持高水准...全文 [组图共9张] 原图 ,2023-05-29 14:07,48,72,33
N2HOAf71H,今天摸了下科莫多X白色，有点心动了  ,2023-05-28 19:15,72,0,12
N2wt9nP1F,小武最近沉迷于布置自己的新办公室，今天到了一植物，据说能活6个月，有知道这叫啥的么？  原图 ,2023-05-27 14:22,90,0,35
N2oOqAQS9,华为 Mate X3 真机确实是目前折叠机序列里，独一份的轻薄。关键还有 IPX8 的防水性能，好奇内部结构设计的朋友，一起去它的内部一探究竟吧~ 楼斌Robin的微博视频  ,2023-05-26 18:52,289,78,51
N2oNslfci,『联想YOGA 5000s投影仪图赏』前段时间收到YOGA5000S方糖投影，投影仪核心看亮度，官方宣称1300CVIA，相当于2000ANSI流明，白天也能保证基本的观影体验。HDMI2.1接口，搭载Amlogic T982芯片，支持8K解码。支持自动对焦和梯形校正，换位置开机就能用。它有非常小巧的机身，不需要固定机位，随拿随放，...全文 [组图共9张] 原图 ,2023-05-26 18:50,29,1,4
N2ovqbHAr,我靠，刚刷京东看到Redmi X85电视降价了，京东Plus会员仅需3999……杀疯了 网页链接  原图 ,2023-05-26 18:05,120,1,44
N2nedmt2r,有种骂就别怂啊，跑的还挺快  原图 ,2023-05-26 14:50,343,3,103
N2mgMjP98,挂个闲鱼不良商家，给大家避避雷 上周去海鲜市场收Reno初代，找了一家标称98新无修的机子，下单的时候我还再次和他确认无误，我很爽快，直接下单，没有杀价格。结果到手后一看，这特么镜头边缘一堆粘胶指纹，明显换过后盖。边框伊拉克成色也好意思写98新？当时我就联系他退货退款，然后他就跟我...全文 [组图共7张] 原图 ,2023-05-26 12:24,380,22,213
N2gC5FoXA,在塞入一颗大底潜望长焦的前提下，如何保持轻薄的机身，我手里这台 OPPO Reno10 Pro+ 给出了自己的答案。一款产品更迭到第十代，通常会有里程碑式的表现，那么它是否会是延续Reno轻薄基因、人像美学的集大成之作呢？转发本条视频，一周后抽三位平分【666元现金】，点赞评论有加成哦~...全文 ,2023-05-25 22:00,575,869,316
N2e2Hx1Qa,传统笔记本很多都还在用双扬声器，外放效果属于听个响的类型。不过最近联想联合瑞声科技，在新发布的YOGA Pro 16s 至尊版上直接塞了六颗扬声器，而且这次他们用上了2个高频+4个低频的分频方案，低音下潜很猛，轻薄本播放《渡口》再也没有那种单薄的听感了。问了一下，这次的低频单元用上了背靠背设计，...全文 原图 ,2023-05-25 15:27,53,1,29
N2dRAaeod,『小米 Civi 3 图赏』简单说几句，配色上这回主打的就是小清新，算是夏日特调了。我拿到的这台薄荷绿两个感受，年轻+时尚。整机差不多174g，厚度和宽度控制的很好，现如今难得的『轻薄感』-屏幕6.55 英寸 OLED 微曲屏，华星光电 C6 发光材料，支持 1920Hz 高频 PWM 调光。实测手动全屏最高520nit...全文 [组图共8张] 原图 ,2023-05-25 15:00,82,1,29
N2d5azJQk,努比亚来了个摄影师版……有一说一，搭配这个后摄Deco设计，感觉怪怪的  [组图共2张] 原图 ,2023-05-25 13:00,85,3,38
N2cGE25RJ,长城举报比亚迪这算是直接掀桌子了，等个后续  原图 ,2023-05-25 12:00,615,23,101
N24k39ntT,OPPO Reno 10系列发布中，Reno系列的几大特色都有升级，主打的肯定是影像，大家猜一波价格  [组图共3张] 原图 ,2023-05-24 14:42,46,0,16
N22wrFjOT,iPad 版 Final Cut Pro 整起来，正好手头有个简单的VLOG，拿它试试水  原图 ,2023-05-24 10:07,49,2,10
N22vi9Ubx,6月6日凌晨1点，WWDC23来了~  原图 ,2023-05-24 10:04,84,0,23
N1WYsgxHq,掐指一算，高温天气差不多要来了。虽然今年的骁龙旗舰芯片能效比有明显提升，但基于各家影像配置的比拼，PCB尺寸被压迫的越来越小，相应的散热能力也会有所降低。所以散热背夹依旧是手游爱好者的夏日必备神器。我手里的是iQOO 前段时间新上架的散热背夹2 Pro，一起来看看它的表现到底如何...全文 ,2023-05-23 20:00,81,113,35
N1WWZu9mj,价格出来了:iQOO Neo8 首发2299起[666][666]  iQOO Neo8 Pro 16+256  3099元 iQOO Pad  2399起  [组图共3张] 原图 ,2023-05-23 19:56,80,2,24
N1WUtsYXX,iQOO的平板  原图 ,2023-05-23 19:50,40,2,14
N1Vi3dDJi,阿维塔11上周更新了一次大版本：AVATR.OS 1.2.0 上周我也好好体验了几天，相比刚提车那会儿，改动最大的就是UI设计和动效。部分操作终于有过渡动画了，流畅性上有一定提升。车辆控制页面做了360度车模，并且还有一镜到底的动画效果。当然，触控体验和操作动效我认为还可以做的更好。另外在功能上的...全文 原图 ,2023-05-23 15:43,32,2,4
N1T8T7tRA,焯，Redmi K60这波优惠力度太狠了，8475+2K 屏幕+ 1TB 只要2899（加上平台200优惠券）今晚 8 点开启预售#K60新版本16GB大内存预售#  原图 ,2023-05-23 10:14,78,4,35
N1NpL8DIR,5月23日iQOO Neo8系列发布会，不过配置信息基本官宣完了，我简单梳理了下:iQOO Neo8 根据爆料采用骁龙8+、UFS 3.1+LPDDR 5，官宣全系标配自研芯片V1+、144Hz 1.5K护眼直屏、120W超快闪充+5000mAh大电池。这个配置给的很足，估计会是2K价位段最强性能机，妥妥的618热门机型。iQOO Neo8 Pro首发天玑9...全文 [组图共6张] 原图 ,2023-05-22 19:40,1374,2,27
N1No3i4v3,海航今天公务舱的餐食酒水挺丰富，这烧烤不现烤味道估计一般，还是稳点，来个猪肉豆干打卤面  [组图共2张] 原图 ,2023-05-22 19:35,65,0,8
N1KhkhaGi,中国国家地理与高通骁龙联合呈现的2023年中国野生动物影像年赛作品展将于5月20日-6月20日在深圳展出。有幸参与30日的启动仪式，一起去看看这些野生小动物的定格瞬间 北京  显示地图 原图 ,2023-05-22 11:41,48,1,11
N1AZFgJ50, 唐山  显示地图 [组图共3张] 原图 ,2023-05-21 12:02,307,3,75
N1q4bzU0P,和@武莹Yoki 的第四个520早班机去参加朋友的婚礼  原图 ,2023-05-20 08:13,354,3,51
N1ln8uxWG,极狐这波操作有点猛，去Hi，退10万差价不知道首批预订的有多少  原图 ,2023-05-19 20:16,185,2,28
N1hiyzAS6,有司机的感觉真好  原图 ,2023-05-19 09:54,150,1,30
N1aFxlDpD,#微信 吃内存#张小龙这点我是佩服，甭管多少人骂，依旧坚持初心  ,2023-05-18 17:01,1401,19,139
N19M1uiJd,#618买旗舰手机如何不踩雷#手机领域的『Pro』向来是旗舰性能的代名词，至少在屏幕、SoC、Ram、Rom和充电续航这些硬件配置上，要足够有诚意。看了iQOO近期官宣的一些关于Neo 8 Pro的配置：首发台积电4nm工艺的天玑9200+，安兔兔跑了136万分；全系标配V1+自研芯片；支持Wi-Fi 7标准；16GB 的 LPDDR5X+U...全文 [组图共3张] 原图 ,2023-05-18 14:45,1201,2,34
N18qCBZh2,魅族20 魅友共创白，白色后盖+白色玻璃面板，太久没摸到过纯白手机了  原图 ,2023-05-18 11:19,160,4,37
N186D6c3c,小米Civi 3来了，没有跟风同类型产品用778G好评，搭载了天玑8200-Ultra，小米Civi也胜算是Pro级的配置和定义。并且Civi一直都主打影像，看来又是一次深度合作，发哥要开始卷影像了？感觉小米Civi 3代这次要成  原图 ,2023-05-18 10:30,204,4,71
N11CIgyJq,"用做手机的思路做电视，那就是降维打击。小米电视大师 86"" Mini LED 不管是外观设计还是画质，都有足够傲视的资本，关键首发价只卖14999元！非常推荐大家去线下店感受下~ 楼斌Robin的微博视频  ",2023-05-17 18:00,222,38,52
N10sJsAFM,刚入手了一套ZV-E1，打算下周去拍个VLOG试试。考虑到发热问题果断选白色，理论上会好那么一点？买它两个原因，其一是小体积的全画幅，并且支持两档原生ISO，高感肯定不差；其二是ZV-E1可以套Lut，并且能导入16个自定义Lut，因为索尼SLOG3 Cine 还原709后，肤色会偏黄偏绿，还是自己整Lut一步到位省心...全文 原图 ,2023-05-17 15:02,96,11,26
N0pIQ8zQ4,华为Mate X3 的拆解下周补一发，但是目前京东和官方都没货....渠道商都是加价状态，紫色是最便宜的，我看到最便宜的是加价1000多。妥妥的小型理财产品了  [组图共3张] 原图 ,2023-05-13 17:30,131,3,38
N0ovJsRbl,每次开车下雨，都会拍一张车顶的水滴，这回的还挺好看  原图 ,2023-05-13 14:25,279,7,60
N0npOba2p,#勇士vs湖人#随着里夫斯压哨超远三分的入袋，湖人球迷沸腾了~今天勇士的角色球员除了迪文琴佐都不在线，库里手感很一般，普洱一分没拿上半场已经领了4次犯规……这个季后赛普洱属实有点拉胯那个男人我是信的，但第三节如果还没有额外的得分点，我勇大概率是要GG了  ,2023-05-13 11:38,66,0,30
N0n1qaiV7,#勇士vs湖人#我勇可能撑不过今天了[苦涩]  ,2023-05-13 10:38,74,0,42
N081b6Cyt,真我 11 Pro+ 基本是照着 Redmi Note 12 Pro+ 打的，除了大家能看到的纸面参数外，我们一起来看看内部其它用料到底如何？ 楼斌Robin的微博视频  ,2023-05-11 20:26,309,54,72
N07d8cbYb,【结构壁纸第二弹】按顺序从左到右分别是：三星 S23 Ultra、一加 11、Redmi Note 12 Turbo、魅族 20 Pro、红魔 8 Pro、真我 11 Pro+ 、iQOO 11  [组图共7张] 原图 ,2023-05-11 18:23,393,37,85
N040chpYD,入了两个东正的玄蜂玩玩  原图 ,2023-05-11 10:13,68,2,18
MFVg31kL1,上个月豆芽就和我吹，说马上会有一批非常正点的哈密瓜，一年就二十多天有，一口下去绝对高潮[笑就对了][笑就对了]昨天出差回来发现已经到货了，切开一看，确实水润，一口下去……em，可能最近……我……但确实是我吃过最好吃的，口感甜而不腻。喜欢吃哈密瓜的赶紧找@豆子发了芽 上车了  [组图共2张] 原图 ,2023-05-10 18:25,114,6,38
MFLF2iUpA,小米平板从三年一更到两年一更，按这个节奏明年应该能如期看到新品了～一起来看下小米平板 6 Pro 的实际表现。 楼斌Robin的微博视频  ,2023-05-09 18:00,243,32,53
MFJOIgqqC,来小米科技园参加个会，都快两年没来了 北京·小米科技园  显示地图 [组图共3张] 原图 ,2023-05-09 13:18,401,10,92
MF7B6g1gy,本来今儿返深的，想着好久没回海宁了，索性给老妈一个惊喜估计待会看到我俩得乐坏了小米平板的拆解兄弟们别催了，已经拆完了，明儿回去我就录  原图 ,2023-05-05 12:00,421,4,105
MEXnIgGD2,#小米13Ultra限量定制色#图赏我就说这回不可能这么单调，果然等来了定制色。定制灵感来源于徕卡M10定制服务，有橙蓝黄三色。除了配色外，几个细节改的很好，取消了常规版的Deco金圈，并且logo也黑化了，整体质感一下就上来了，如果还没入手13 Ultra的朋友建议无脑冲它...全文 [组图共6张] 原图 ,2023-05-04 10:00,328,22,106
MES0MqnKV,推荐一家上海的泰国餐厅，安泰看环境算是清吧，鸡尾酒调的确实可以[666][666]但是几个泰国菜做的更惊艳，出奇的好吃。有机会可以来打卡 上海·安泰anThai(重庆南路39弄小区店)  显示地图 [组图共9张] 原图 ,2023-05-03 20:19,158,8,44
MEOx9bWwN,#湖人vs勇士# 比分咬的很紧啊，今天浓眉贼稳，攻防一体。卢尼的前场篮板优势不大了，就看水花接下来手硬不硬了但是我登机了，看不到后面两节了大家觉得这场谁能赢？  [组图共3张] 原图 ,2023-05-03 11:28,75,1,32
MEOlxFsYV,午班机去上海拍个项目，假期出差就很刺激  原图 ,2023-05-03 10:59,328,3,47
MEzNHtbPD,在车里吃榴莲这事儿是可以做的么？大家评评理，咱们客观点说  原图 ,2023-05-01 21:58,286,4,206
MEyP8j9bu,迟到了20几年的全国大赛终于有时间来刷了还记得那会儿看灌篮高手还是租碟看的，用的万利达VCD机  原图 ,2023-05-01 19:28,103,0,33
MEx72ETVb,理想这销量蹭蹭往上涨  原图 ,2023-05-01 15:07,76,0,22
MEwU0fk1U,带小武去徕卡店喝个下午茶大家都在哪儿玩呢，分享个打卡照让我羡慕羡慕 深圳·Cafe Leitz  显示地图 [组图共3张] 原图 ,2023-05-01 14:35,190,0,43
MEw6fzAaF,库里抢七拿50分，绝对的领袖啊[老师好][老师好]接下来的湖勇大战关注度要拉满了  原图 ,2023-05-01 12:32,107,0,19
MEgktzlfU,今晚在一朋友的餐厅吃饭，第一次来，来之前我以为就是个吃西餐的酒吧。 但实际上，是融合了中餐口味的，并且出乎意料的好吃，特别是云吞和虾，极其入味，推荐的几款葡萄酒也很容易入口，整体吃喝平衡的不错。我对「好吃」的定义还是比较挑剔的，所以深圳的朋友们有机会可以来尝试下，大众点评搜Weekn...全文 显示地图 [组图共4张] 原图 ,2023-04-29 20:23,155,2,34
MEeZn5RKh,陪小武出来购个物还好深圳市区人不多，和平时周末差不多，应该都在周边景区  [组图共3张] 原图 ,2023-04-29 16:59,303,1,81
ME7zoiynA,小武给我现整的『夏日特调』味道不错，就是颜色太少女了  [组图共2张] 原图 ,2023-04-28 22:05,101,1,27
ME6lUxKW1,Canalys 数据来了，2023 年第一季度全球智能手机出货量下降 13% ，只有 2.7 亿部了。但是需求下降趋势相比之前有所放缓。除了苹果，销量都有不同程度下滑。大家今年有换新机么？  原图 ,2023-04-28 19:00,119,6,96
ME66m85gg,所以五一假期大家怎么安排的？我打算安静的待在深圳，新场地还有一堆活儿要干，视频也鸽了好几个了。。。。显然看不到尽头  ,2023-04-28 18:21,95,5,36
ME2vAfLt9,我靠，人真多，都快干满地铁通道了有在排队的么  [组图共3张] 原图 ,2023-04-28 09:12,308,3,111
MDZxPsngD,搬公司换了条宽带，结果我的华为光猫出问题了，涉及到知识盲区，我就求助了@电丸科技AK 。好家伙，他二话不说（其实是没法和我建立有效的远程沟通鸡同鸭讲）大半夜直接来了个上门服务解决过程很顺畅，也就几分钟的事儿，并且解决的很彻底，直接换服务器接光纤...全文 ,2023-04-28 01:40,458,4,69
MDPx4whaL,睡前来一张最近在用的 vivo X Fold2 的结构壁纸（前摄对不准的可以自己裁切移动下，注意主界面和锁屏是不一样的）  原图 ,2023-04-27 00:10,149,6,36
MDOWU5kBn,一晚上，我在认真写稿，它在认真咬我做蚊子也要懂得适可而止  原图 ,2023-04-26 22:41,165,5,53
MDNvaigB5,今天去参观了下深圳第二家 Apple Store ，坐标深圳罗湖万象城一期B1层。正式开业是在4月28日的上午10点，有时间的朋友们到时候不见不散~ 楼斌Robin的微博视频  ,2023-04-26 19:00,317,15,21
MDMqjEu1J,我的理想L9收到4.4推送了终于支持 Apple Watch 车控了（OPPO Watch也支持），像我这种频繁换机的用户来说，绝对的刚需理想每一次升级都是一大堆更新，有全新的功能，也有采纳用户建议的，这执行力杠杠的  原图 ,2023-04-26 16:15,72,1,16
MDKFOePSR,一大早去参观深圳罗湖万象城的新店，全新的店面设计，关键就这团队阵容，很强大4月28日上午10点，欢迎来Pickup取货具体地址：罗湖万象城一期B1层。晚点会上个小视频细聊  原图 ,2023-04-26 11:48,392,2,79
MDDedf4Fz,我看很多人对内部结构壁纸很感兴趣，那就直接来个六连发，六大主流最新旗舰机，齐活儿大家根据手里的机子，自己对号入座~  [组图共6张] 原图 ,2023-04-25 16:51,2209,269,565
MDD3KBuIx,AGM G2系列（AGM G2 GT、G2 Pro、G2）正式发布，售价4499元起。IP68、IP69K、MIL-STD-810H 三防认证。采用高通QCM6490物联网5G芯片，对应骁龙778G-782G序列，主打的就是耐热性更好。旗舰款AGM G2 GT还有500米探测距离的可对焦热成像，不考虑机身三围的前提下，果然什么功能都有其他配...全文 [组图共6张] 原图 ,2023-04-25 16:25,44,3,9
MDCqt8L62,收到努比亚的露营三件套：露营灯、露营毯、和一个手工咖啡研磨器。这五一假期考虑再去露营一次然后目前最便宜的骁龙 8 Gen2 手机就是努比亚的Z50系列，全系降了500  [组图共6张] 原图 ,2023-04-25 14:48,57,1,11
MDs2M3Qdj,都搬过来后发现场地也没那么大了先把干活的部分整理好，剩下的慢慢收拾优化吧  [组图共6张] 原图 ,2023-04-24 12:22,133,3,45
MD24LfU9I,前两天带着@武莹Yoki 去逛了下今年的上海车展，整个过程痛并快乐着。纯电车型一年比一年卷，有几辆新车后续会再和大家详细分享。先走马观花一波~ 楼斌Robin的微博视频  ,2023-04-21 18:16,145,24,33
MCTww2onb,安卓平板的复苏给原本乏味的平板市场，带来了新的活力。vivo刚刚又发布了第二代旗舰平板：#vivo Pad2# 更大尺寸的屏幕能带来更好的影音办公体验么？上代的一些问题有得到进一步优化么？我们一起边拆边聊。 楼斌Robin的微博视频  ,2023-04-20 20:30,204,53,74
MCTonzDDx,众所周知，『轻薄』是目前折叠机的设计趋势。但受限于各种器件工艺，越轻薄就意味着配置的大幅缩减，而 vivo 对于折叠机一直都是『媲美直板旗舰』的设计思路，所以这台刚刚发布的，更加轻薄的 ，#vivo X Fold2# 又是如何平衡『配置』和『轻薄』的呢？ 另外福利来一发，转发本条视频，抽一位送一副【viv...全文 ,2023-04-20 20:10,185,166,68
MCFbytpqU,等了四个月的小米 13 Ultra，到底带来了什么样的惊喜？我们一拆究竟！#小米13Ultra首发评测# 楼斌Robin的微博视频  ,2023-04-19 08:00,1065,363,274
MBYuUp2rs,一台没有 5G，2023 年还在用骁龙 8+ 的手机，居然还能卖的那么好。那就拆开看看，它到底独特在什么地方？ 楼斌Robin的微博视频  ,2023-04-14 19:19,717,184,239
MBGuRko9A,万元内装机卡来了，RTX4070！ 楼斌Robin的微博视频  ,2023-04-12 21:30,120,20,28
MBGiH1uJg,上周去重庆试驾了极氪刚发布的新车：极氪 X。定位 A 级都市 SUV，试驾完@武莹Yoki 很满意#极氪X# 楼斌Robin的微博视频  ,2023-04-12 21:00,156,29,34
MAU7wCYlH,荣耀 Magic5 Pro 的拆解，虽迟但到！ 楼斌Robin的微博视频  ,2023-04-07 18:20,381,46,78
MAisDxH2x,2023 年的 Redmi 可以说是腹背受敌啊。前有一加，后有真我。今天我们开拆同样搭载第二代骁龙 7+ 的真我 GT Neo5 SE。 楼斌Robin的微博视频  ,2023-04-03 18:28,270,38,76
MzRgP4Ef6,时隔两年，魅族又重新杀回了手机市场。有熟悉的影子，也有全新的思考。这期视频我们开拆魅族 20 PRO ，一起来看看它的表现到底如何？给魅友们准备了一份福利，转发本条微博抽一位送一台【魅族 20】 #魅族20# 楼斌Robin的微博视频  ,2023-03-31 21:15,1786,3002,1470
